catalog,sim_id,category,nrsur7dq4_calibration,total_mass,q,mass1,mass2,spin1z,spin2z,chi_eff,eccentricity,f_lower_nr,f_lower_sur,f_lower_match,error,match_22,phase_diff_22,n_cycles_22,f_lower_mode_22,match_21,phase_diff_21,n_cycles_21,f_lower_mode_21,match_33,phase_diff_33,n_cycles_33,f_lower_mode_33,match_44,phase_diff_44,n_cycles_44,f_lower_mode_44,match_32,phase_diff_32,n_cycles_32,f_lower_mode_32,match_43,phase_diff_43,n_cycles_43,f_lower_mode_43
SXS,SXS:BBH:0074,a,False,40.0,1.0000000210734246,20.000000210734243,19.999999789265757,1.692036954887349e-07,1.6999923045116424e-07,1.6960146296575842e-07,0.023703833008821198,21.08525980582477,21.08525980582477,21.08525980582477,,0.9942073956887653,0.303386458945446,63.04411368989478,21.08525980582477,0.3385021214559872,0.8485474322521498,36.99638033977222,10.542629902912385,0.6401709692096014,0.8196632997983453,79.61406879637283,31.627889708737154,0.9853832513585036,0.5309375583770014,129.9838053237561,42.17051961164954,nan,nan,nan,21.08525980582477,nan,nan,nan,31.627889708737154
SXS,SXS:BBH:0069,a,False,40.0,1.0000000210734246,20.000000210734243,19.999999789265757,1.5205620977443546e-07,1.53738265037611e-07,1.5289723739716156e-07,0.023388538098820445,20.47683090957356,20.47683090957356,20.47683090957356,,0.9925723770537074,0.48969412880169094,67.24054236917046,20.47683090957356,0.11136842937837475,1.4945436231112625,27.46666827280614,10.23841545478678,0.24057848862536801,5.371370720068681,51.2162456284483,30.71524636436034,0.9461135147494134,0.027491361803552758,126.55372139645777,40.95366181914712,nan,nan,nan,20.47683090957356,nan,nan,nan,30.71524636436034
SXS,SXS:BBH:0087,a,False,40.0,1.0,20.0,20.0,1.5536070037593795e-07,1.5674942819548585e-07,1.560550642857119e-07,0.02745397955660678,20.674621774879704,20.674621774879704,20.674621774879704,,0.9929439023423478,0.7567867953454579,69.35335968211811,20.674621774879704,0.08377000892986612,0.22225835157416238,35.24680333699333,10.337310887439852,0.47623073521511056,3.5668644000157603,59.3231761196951,31.011932662319555,0.9150683072308593,0.05161264171158501,125.02702285856348,41.34924354975941,nan,nan,nan,20.674621774879704,nan,nan,nan,31.011932662319555
SXS,SXS:BBH:0091,a,False,40.0,1.0000000210734246,20.000000210734243,19.999999789265757,1.1950506015041954e-07,1.2228525601506982e-07,1.2089515806809763e-07,0.02689788266260814,18.910242552016467,18.910242552016467,18.910242552016467,,0.9946746540079943,0.4922987446227505,75.95088709670333,18.910242552016467,0.13455882350849566,0.698419539756778,41.62714535347934,9.455121276008233,0.23474551442725516,3.873167481300421,65.57645804864866,28.365363828024698,0.9199481599882336,0.08864625359585762,143.01776462282257,37.82048510403293,nan,nan,nan,18.910242552016467,nan,nan,nan,28.365363828024698
SXS,SXS:BBH:1176,a,False,40.0,2.999997359821069,29.999993399548316,10.000006600451684,-1.108835659940564e-05,9.223475223090254e-06,-6.010395292100052e-06,0.025398376897282363,33.58995009637002,33.58995009637002,33.58995009637002,,0.982015713645249,0.9139812722433296,38.61747733700869,33.58995009637002,0.9924252440985005,1.5335708068275262,26.457664329237055,16.79497504818501,0.9827622101854147,0.9208730336420139,62.101721103390474,50.38492514455503,0.9838589339350314,0.5257805002296199,75.30125129851038,67.17990019274004,nan,nan,nan,33.58995009637002,nan,nan,nan,50.38492514455503
SXS,SXS:BBH:1180,a,False,40.0,2.999968812353974,29.999922030277013,10.00007796972299,-0.0001406985047581019,-1.1630831234396768e-05,-0.00010843133479290685,0.030240434166394676,37.29228766151031,37.29228766151031,37.29228766151031,,0.9855623024631692,1.4770378274426204,37.91235593090463,37.29228766151031,0.9145391857969187,2.3225787182047473,28.555559101492744,18.646143830755154,0.9822747255604801,1.787973984379324,62.898786846565514,55.938431492265465,0.9834105379854263,1.4888736818713377,78.6330025859628,74.58457532302062,nan,nan,nan,37.29228766151031,nan,nan,nan,55.938431492265465
SXS,SXS:BBH:0100,a,False,40.0,1.4999989870967754,23.999993517416733,16.000006482583263,1.333046481203029e-07,1.8570659887219147e-07,1.5426543691355855e-07,0.02684499989805203,20.790237014435665,20.790237014435665,20.790237014435665,,0.9938807635108713,0.15536707147605996,45.91636084845326,20.790237014435665,0.9686285718028008,0.7731201610451786,30.52628789819367,10.395118507217832,0.9896472263883276,0.22605176649526834,75.02243313597228,31.1853555216535,0.9827800134235374,0.051863407294977966,94.82452187453202,41.58047402887133,nan,nan,nan,20.790237014435665,nan,nan,nan,31.1853555216535
SXS,SXS:BBH:1168,a,False,40.0,1.000000098843126,20.00000098843121,19.99999901156879,3.1637215255061686e-06,3.341499886581757e-06,3.252610701650921e-06,0.0081332,16.60000011204058,16.60000011204058,16.60000011204058,,0.9940720839350993,0.13324399327357758,88.88493301368399,16.60000011204058,0.377519451859379,0.8661798325465204,53.35540558039384,8.30000005602029,0.23595064961151385,0.21932077769158198,125.61527498355703,24.90000016806087,0.9825608371164275,0.30462511520747093,182.86580854655793,33.20000022408116,nan,nan,nan,16.60000011204058,nan,nan,nan,24.90000016806087
SXS,SXS:BBH:1181,a,False,40.0,3.0006971609339863,30.001742598617046,9.998257401382954,2.0636847062242197e-05,0.0001340505973988317,4.89853437802773e-05,0.014626386025058221,37.28967720939172,37.28967720939172,37.28967720939172,,0.9876429860595228,1.2570692255991283,37.50322438954005,37.28967720939172,0.9764541035743863,2.2684419906946225,28.17050222484782,18.64483860469586,0.9860347108275126,1.6471219125990686,60.98780684353969,55.934515814087575,0.9889520901427986,1.2634414211207365,75.10166394699509,74.57935441878344,nan,nan,nan,37.28967720939172,nan,nan,nan,55.934515814087575
SXS,SXS:BBH:1182,a,False,40.0,3.000008396549009,30.00002099132846,9.999979008671541,-0.00011473123163267009,5.812222891011187e-05,-7.151795720756873e-05,0.0089101,37.036343724768464,37.036343724768464,37.036343724768464,,0.9884391613923791,1.2834398909606646,37.701031457305334,37.036343724768464,0.920826434986807,2.1700801913310137,27.496825960865223,18.518171862384232,0.9875347184324675,1.585594348279971,60.18900779077465,55.55451558715269,0.9877295493965482,1.0316745829798066,72.98362773435211,74.07268744953693,nan,nan,nan,37.036343724768464,nan,nan,nan,55.55451558715269
SXS,SXS:BBH:1183,a,False,40.0,3.000010608913235,30.000026522212746,9.999973477787256,-0.00011601681195546743,5.9614858201222694e-05,-7.210901086980791e-05,0.008755,37.02585805659759,37.02585805659759,37.02585805659759,,0.9878658148837179,1.284477935016092,37.70886054764291,37.02585805659759,0.9214953053476053,2.1717181080588723,27.50778008235595,18.512929028298796,0.9865643511933473,1.5810450149798514,61.46701420408916,55.538787084896384,0.98956900666587,1.14900958960297,73.42777870655324,74.05171611319518,nan,nan,nan,37.02585805659759,nan,nan,nan,55.538787084896384
SXS,SXS:BBH:1355,a,False,40.0,1.0000000298023228,20.000000298023224,19.999999701976776,-1.4235453553416446e-05,-1.426108554726049e-05,-1.4248269550147497e-05,0.09531418917115388,30.602192278412645,30.602192278412645,30.602192278412645,,0.9732806289224041,0.3522140408536107,37.07849454605653,30.602192278412645,0.17794237440986738,0.35360112742267863,22.252300911963903,15.301096139206322,0.2162767114875792,2.996835018108354,35.8844926635638,45.90328841761897,0.9555900759144919,0.6644534871542719,79.39623585874229,61.20438455682529,nan,nan,nan,30.602192278412645,nan,nan,nan,45.90328841761897
SXS,SXS:BBH:1356,a,False,40.0,1.0000000421468493,20.000000421468485,19.999999578531515,2.570873033552733e-06,2.5682049130990166e-06,2.569538973353988e-06,0.16384305990318113,30.958229654926477,30.958229654926477,30.958229654926477,,0.9514574462345584,2.326635644947908,53.993584987281515,30.958229654926477,0.16918236699201522,3.0363285244704747,38.70318728340722,15.479114827463238,0.22490400361449975,0.07695594406187407,52.644789107376326,46.43734448238972,0.9294653477446513,2.381637712794256,111.11995322555923,61.916459309852954,nan,nan,nan,30.958229654926477,nan,nan,nan,46.43734448238972
SXS,SXS:BBH:1357,a,False,40.0,1.0000000596046466,20.000000596046448,19.999999403953552,-1.8752521697644458e-05,-1.8766985680155606e-05,-1.87597536886845e-05,0.18145389821943,41.480501369941365,41.480501369941365,41.480501369941365,,0.9384171463087838,2.3988284831219855,38.82147140508789,41.480501369941365,0.13624895733592612,27.869082259082383,2.5756589699306494,20.740250684970682,0.33296489651284056,0.8201507063982316,31.843442380608323,62.22075205491205,0.9124674458934516,2.5033216456458676,79.78935796383878,82.96100273988273,nan,nan,nan,41.480501369941365,nan,nan,nan,62.22075205491205
SXS,SXS:BBH:1358,a,False,40.0,1.0000002064765676,20.00000206476546,19.999997935234536,-2.9683030530891248e-05,-2.9875740358674196e-05,-2.9779385434835203e-05,0.16475441548479375,33.92395299850399,33.92395299850399,33.92395299850399,,0.9151085020185253,1.081488978670285,37.44523559651682,33.92395299850399,0.4932904970405572,0.45997053372351593,19.421803922596773,16.961976499251996,0.20343893446216038,1.1211688350406028,39.88325028290615,50.88592949775599,0.8390747105065391,1.216260940472022,76.88243613911779,67.84790599700798,nan,nan,nan,33.92395299850399,nan,nan,nan,50.88592949775599
SXS,SXS:BBH:1359,a,False,40.0,1.0000000298023228,20.000000298023224,19.999999701976776,-1.4810599368674193e-05,-1.4803027606310755e-05,-1.4806813487548887e-05,0.1725436589430376,40.362347382249254,40.362347382249254,40.362347382249254,,0.9378767651009815,2.1833366686399405,36.78097916951964,40.362347382249254,0.10024942280816618,3.906459835612487,39.65446608587542,20.181173691124627,0.29390740647326635,0.08483176995752476,37.50638858683677,60.54352107337388,0.9005193936302923,2.1708548616678516,76.39446039698925,80.72469476449851,nan,nan,nan,40.362347382249254,nan,nan,nan,60.54352107337388
SXS,SXS:BBH:1360,a,False,40.0,1.0000001397852922,20.000001397852824,19.999998602147173,-4.380791514036653e-07,-4.650196113039685e-07,-4.51549380412347e-07,0.2677916373007478,24.64026397918581,24.64026397918581,24.64026397918581,,0.7186819165239321,0.2163164077469633,35.55206138104989,24.64026397918581,0.37101532327122433,0.0725745336725076,22.39248420140163,12.320131989592905,0.1636070528136036,0.862406965178198,63.0698817665595,36.96039596877871,0.6967604088135965,0.8186337134375605,66.40654457497315,49.28052795837162,nan,nan,nan,24.64026397918581,nan,nan,nan,36.96039596877871
SXS,SXS:BBH:1362,a,False,40.0,1.0,20.0,20.0,1.2170373661780547e-05,1.2031712648924975e-05,1.210104315535276e-05,0.3528276713763608,22.262611892154446,22.262611892154446,22.262611892154446,,0.667858981254943,0.361026002345478,33.85774197356588,22.262611892154446,0.10809530138243252,1.687043070567259,28.909593118411504,11.131305946077223,0.16413526051917804,0.13428975111999525,55.125995501746175,33.39391783823167,0.6485799106244926,1.159202923013178,60.88097995020352,44.52522378430889,nan,nan,nan,22.262611892154446,nan,nan,nan,33.39391783823167
SXS,SXS:BBH:1361,a,False,40.0,1.0000000730004854,20.000000730004828,19.999999269995172,-6.392738150099132e-06,-6.609070334435712e-06,-6.5009042383193325e-06,0.2663540129196622,21.955401074086886,21.955401074086886,21.955401074086886,,0.7544330134273274,0.6585188492681259,62.55630975364681,21.955401074086886,0.480131910812045,0.8050388178251937,34.40863795476966,10.977700537043443,0.26702232819246025,0.24026855810060171,82.83249143423429,32.933101611130326,0.7134925453617392,0.7764609587929282,128.9332631874529,43.91080214817377,nan,nan,nan,21.955401074086886,nan,nan,nan,32.933101611130326
SXS,SXS:BBH:1363,a,False,40.0,1.0000002107342647,20.000002107342425,19.999997892657575,3.6458826901600094e-06,3.379333273448415e-06,3.5126079958469846e-06,0.3507185298172949,20.194751199643918,20.194751199643918,20.194751199643918,,0.744346820586425,0.14500493043350882,62.55630975364681,20.194751199643918,0.33197812188746456,0.10798559706720544,34.40863795476966,10.097375599821959,0.26765077613418026,0.9988097052262034,82.83249143423429,30.292126799465876,0.7042552105176372,0.045479850600010197,128.9332631874529,40.389502399287835,nan,nan,nan,20.194751199643918,nan,nan,nan,30.292126799465876
SXS,SXS:BBH:1364,a,False,40.0,1.9998492487407238,26.665996627400126,13.33400337259987,9.162703844696418e-05,-0.00012637981319927423,1.8954436069443618e-05,0.08016888535365697,34.44804829735472,34.44804829735472,34.44804829735472,,0.9746345607191026,1.473752061151448,40.49931344476503,34.44804829735472,0.5823683055251652,2.802774854641785,32.49540164056389,17.22402414867736,0.9654020879079589,1.7553918164953821,66.60924252953194,51.672072446032075,0.9470476754342959,1.6054817811139095,84.62286507611297,68.89609659470943,nan,nan,nan,34.44804829735472,nan,nan,nan,51.672072446032075
SXS,SXS:BBH:1365,a,False,40.0,1.9999572045782392,26.66647646207888,13.33352353792112,4.240080265651548e-05,-1.9411397063987658e-05,2.1796442158915234e-05,0.10512137906350745,36.82604676063354,36.82604676063354,36.82604676063354,,0.9656155372394678,1.9251529916217667,40.368949989878615,36.82604676063354,0.8963281863647057,2.210085951706161,26.224292829615436,18.41302338031677,0.9576870956297427,2.2356588423625965,68.30348261315251,55.239070140950304,0.9531431884267185,1.7877071173322185,81.064734923959,73.65209352126708,nan,nan,nan,36.82604676063354,nan,nan,nan,55.239070140950304
SXS,SXS:BBH:1366,a,False,40.0,1.9998081654797422,26.665814014276133,13.334185985723867,9.451499791397221e-05,0.00017588417854733828,0.0001216397926157538,0.1591720212799012,31.251733692744242,31.251733692744242,31.251733692744242,,0.8971815576954707,0.7101514904425157,39.459923083696744,31.251733692744242,0.7852206425851175,1.2579904130162591,26.257069472872644,15.625866846372121,0.8132264724596152,1.0112150658693517,64.3577241633621,46.877600539116365,0.7817530078228689,0.7425206765033485,81.64893063771588,62.503467385488484,nan,nan,nan,31.251733692744242,nan,nan,nan,46.877600539116365
SXS,SXS:BBH:1367,a,False,40.0,1.9999862395400019,26.666605508786155,13.333394491213845,-3.4917390422842105e-05,-5.0226601254002786e-05,-4.002048410686783e-05,0.17245480085739126,40.362133978424225,40.362133978424225,40.362133978424225,,0.9332390309254184,2.2414167607857753,38.864084094978914,40.362133978424225,0.9833052003066657,2.1804354624074245,24.50331331874225,20.181066989212113,0.9098548353051541,2.462303045114276,64.13289135152512,60.54320096763634,0.8928073150377492,2.2804461847239264,80.05579201213821,80.72426795684845,nan,nan,nan,40.362133978424225,nan,nan,nan,60.54320096763634
SXS,SXS:BBH:1368,a,False,40.0,2.0000494346439917,26.666886372575156,13.333113627424842,-0.00016825959398308513,0.00011259935180325224,-7.46414880468854e-05,0.17604517753013807,42.667788041123444,42.667788041123444,42.667788041123444,,0.9378851747575748,2.343102064652025,38.27240139108694,42.667788041123444,0.8723784218950715,2.91662252788307,26.12890359314656,21.333894020561722,0.9280504895111396,2.605034901428709,61.496851978865365,64.00168206168516,0.8894414069999153,2.4946296336295046,77.94783418365856,85.33557608224689,nan,nan,nan,42.667788041123444,nan,nan,nan,64.00168206168516
SXS,SXS:BBH:1369,a,False,40.0,1.9999146769228404,26.66628744220487,13.333712557795131,5.985477359448448e-05,1.1719309526469513e-05,4.380916255150979e-05,0.313686936779494,40.481722853221484,40.481722853221484,40.481722853221484,,0.7954307090444013,1.9263400452291766,36.053525713045545,40.481722853221484,0.9400452905949354,1.9754726575677168,21.878845520530636,20.240861426610742,0.7192722962652449,1.8064085735302693,53.33324753012521,60.722584279832226,0.6595729656599818,1.6667730806706726,68.05268895939936,80.96344570644297,nan,nan,nan,40.481722853221484,nan,nan,nan,60.722584279832226
SXS,SXS:BBH:1370,a,False,40.0,1.999950644986493,26.666447307442255,13.333552692557745,5.341324174426718e-05,-1.0072738599258422e-05,3.225090014054008e-05,0.2923716303477347,37.57195026673191,37.57195026673191,37.57195026673191,,0.9305837581017056,1.6864215242307647,38.27240139108694,37.57195026673191,0.8746652344739039,2.1952162180338157,26.12890359314656,18.785975133365955,0.9050892437382974,1.992009833803563,61.496851978865365,56.35792540009787,0.8791881164661495,1.7691615259284277,77.94783418365856,75.14390053346382,nan,nan,nan,37.57195026673191,nan,nan,nan,56.35792540009787
SXS,SXS:BBH:1371,a,False,40.0,3.0002614725204073,30.000653638573887,9.999346361426113,7.86508893596668e-05,-2.3787048047292132e-05,5.304307894261004e-05,0.10582442721848646,27.60423630729378,27.60423630729378,27.60423630729378,,0.9750065648453424,0.3071393665438736,43.48353737547169,27.60423630729378,0.8718361673466649,0.763608242825247,29.083021752543104,13.80211815364689,0.9528044941990023,0.20217669064333513,70.94135080167602,41.406354460940676,0.928105256680575,0.005460959915296019,91.79652139615462,55.20847261458756,nan,nan,nan,27.60423630729378,nan,nan,nan,41.406354460940676
SXS,SXS:BBH:1372,a,False,40.0,3.0001583650000225,30.000395896826006,9.999604103173994,3.9004938245224685e-05,5.757151562397647e-06,3.069332064184841e-05,0.17333481116524369,40.60939318132312,40.60939318132312,40.60939318132312,,0.9278610275539332,2.4403919399895475,42.51147599594327,40.60939318132312,0.9853499487097533,2.8882309901889074,29.611875603670875,20.30469659066156,0.906442289680709,2.695218480769512,70.0473065796565,60.91408977198468,0.887336623742049,2.5299962631715305,88.72689794620516,81.21878636264624,nan,nan,nan,40.60939318132312,nan,nan,nan,60.91408977198468
SXS,SXS:BBH:1373,a,False,40.0,3.0001514517269627,30.000378614981933,9.999621385018067,2.7536153741256964e-05,1.0713657700977587e-05,2.3330688962412977e-05,0.17058517540310675,41.43698382856166,41.43698382856166,41.43698382856166,,0.9206011934310764,2.377358218682695,41.82540964698401,41.43698382856166,0.9816783622359,3.055030822774631,29.19556051700744,20.71849191428083,0.8926658526063754,2.635572865616654,68.90189577802148,62.155475742842484,0.8610515612185244,2.50987654688409,86.58862996087069,82.87396765712332,nan,nan,nan,41.43698382856166,nan,nan,nan,62.155475742842484
SXS,SXS:BBH:1374,a,False,40.0,3.000060798954649,30.000151995076337,9.999848004923663,-0.00011915582364951938,-2.9883394015498253e-05,-9.683805546525802e-05,0.3021725515886693,30.99279272470419,30.99279272470419,30.99279272470419,,0.6332287288553863,0.11076289184731353,38.32439978436133,30.99279272470419,0.9427596784721498,0.6386563224606513,24.489213738147548,15.496396362352096,0.5615434429961491,0.19438142501641875,60.883539739153846,46.48918908705629,0.5452299494730227,0.2786513109446303,75.64522985777735,61.98558544940838,nan,nan,nan,30.99279272470419,nan,nan,nan,46.48918908705629
SXS,SXS:BBH:2266,a,False,40.0,1.0000000421468493,20.000000421468485,19.999999578531515,1.00205900962e-06,1.38799580407e-06,1.1950274027784951e-06,0.02037351447774554,20.653452825201946,20.653452825201946,20.653452825201946,,0.9942086497112901,0.10405983067097527,63.04411368989478,20.653452825201946,0.32452741499824117,0.5088825650691849,36.99638033977222,10.326726412600973,0.690391807174935,1.0564249200309426,79.61406879637283,30.98017923780292,0.9841910156887653,0.33758469287103243,129.9838053237561,41.30690565040389,nan,nan,nan,20.653452825201946,nan,nan,nan,30.98017923780292
SXS,SXS:BBH:2267,a,False,40.0,1.0000000298023228,20.000000298023224,19.999999701976776,7.60855812502e-07,7.9020356543e-07,7.755296887473422e-07,0.01716631728179326,21.10724157338303,21.10724157338303,21.10724157338303,,0.9938690450114658,0.20077111759958474,61.98050752226177,21.10724157338303,0.2645097442295467,0.6816403150423761,35.894013189570735,10.553620786691514,0.6586467816060574,0.9667200026609801,77.99918115876712,31.660862360074542,0.9732696352733436,0.3415410299227089,125.840426768121,42.21448314676606,nan,nan,nan,21.10724157338303,nan,nan,nan,31.660862360074542
SXS,SXS:BBH:2268,a,False,40.0,1.0000000516191376,20.000000516191363,19.999999483808637,1.31942705972e-06,1.33271541045e-06,1.3260712349135167e-06,0.01714863345809658,20.69648639785509,20.69648639785509,20.69648639785509,,0.9932476085135997,0.11661833459872704,63.172505995194726,20.69648639785509,0.24876795619555564,0.1406341985160607,33.25565113632063,10.348243198927545,0.6688053203697416,0.9906179419284353,80.33434690983114,31.044729596782634,0.9724768248371564,0.30142319824885766,130.24840572095871,41.39297279571018,nan,nan,nan,20.69648639785509,nan,nan,nan,31.044729596782634
SXS,SXS:BBH:2269,a,False,40.0,1.0,20.0,20.0,9.1891677766e-07,9.2179580141e-07,9.203562895349999e-07,0.0147508,20.05039026169334,20.05039026169334,20.05039026169334,,0.9963842037872888,0.04248716127517878,63.36926269977352,20.05039026169334,0.3680032666996538,0.241151062445903,35.50862198126637,10.02519513084667,0.23550954302723018,1.3244010405746078,80.06485782478074,30.075585392540013,0.9838011217021597,0.02278733374019933,129.5697610198824,40.10078052338668,nan,nan,nan,20.05039026169334,nan,nan,nan,30.075585392540013
SXS,SXS:BBH:2270,a,False,40.0,1.0,20.0,20.0,-5.87882542374e-07,-6.40689970727e-07,-6.142862565505001e-07,0.041190245147924194,22.060332141217348,22.060332141217348,22.060332141217348,,0.9929470915255953,0.6554845219415673,62.5225808246618,22.060332141217348,0.29766730653704115,1.2121472768668902,37.171000905265245,11.030166070608674,0.3221127954071382,0.3729984390878723,79.29281791522783,33.090498211826024,0.9754937821387334,0.7813530710628573,127.9058910201896,44.120664282434696,nan,nan,nan,22.060332141217348,nan,nan,nan,33.090498211826024
SXS,SXS:BBH:2271,a,False,40.0,1.0000000632202748,20.000000632202728,19.999999367797272,1.05224740592e-06,1.00891524713e-06,1.0305813272098677e-06,0.03555453766241142,21.78360866424609,21.78360866424609,21.78360866424609,,0.9951584213322072,1.2097702799220245,69.35335968211811,21.78360866424609,0.14300405810933714,0.5787834666097756,35.24680333699333,10.891804332123044,0.2467100873457775,2.719548296171001,59.3231761196951,32.67541299636913,0.9110438057450039,0.5541588244106166,125.02702285856348,43.56721732849218,nan,nan,nan,21.78360866424609,nan,nan,nan,32.67541299636913
SXS,SXS:BBH:2272,a,False,40.0,1.0000000666400213,20.00000066640019,19.99999933359981,9.05077498858e-07,9.12277248748e-07,9.086773736830521e-07,0.036895478326911854,20.228768858286863,20.228768858286863,20.228768858286863,,0.9963213921377179,0.1253504404417302,62.74816518090755,20.228768858286863,0.23599555243110007,0.35962912255023727,32.159305773771976,10.114384429143431,0.667843748223811,1.0346725923641613,81.56794138067035,30.343153287430294,0.9870797992620295,0.016849085051507878,128.34416967269897,40.457537716573725,nan,nan,nan,20.228768858286863,nan,nan,nan,30.343153287430294
SXS,SXS:BBH:2273,a,False,40.0,1.0,20.0,20.0,1.15210329194e-06,1.14389141036e-06,1.1479973511499999e-06,0.034626265881254926,19.593039375057085,19.593039375057085,19.593039375057085,,0.9949917648239784,0.11279054913101429,62.44755903194968,19.593039375057085,0.21749576566777526,0.03664672549081899,34.82802853423106,9.796519687528543,0.22734757350881774,1.146513033384655,80.84537352238708,29.389559062585626,0.9710581460781268,0.04780323403625534,126.67770761700325,39.18607875011417,nan,nan,nan,19.593039375057085,nan,nan,nan,29.389559062585626
SXS,SXS:BBH:2274,a,False,40.0,1.0000000210734246,20.000000210734243,19.999999789265757,-3.31772389078e-07,-3.27194102566e-07,-3.2948324584612003e-07,0.0925943063333829,23.49899354315432,23.49899354315432,23.49899354315432,,0.9826264923701538,0.04774792854456042,37.07849454605653,23.49899354315432,0.18884853858536618,0.3744927798229192,22.252300911963903,11.74949677157716,0.2075282528884745,3.4852526888963142,35.8844926635638,35.248490314731484,0.9549783624532945,0.2508089277455899,79.39623585874229,46.99798708630864,nan,nan,nan,23.49899354315432,nan,nan,nan,35.248490314731484
SXS,SXS:BBH:2276,a,False,40.0,1.0000000596046466,20.000000596046448,19.999999403953552,-1.15982420001e-07,-8.84181340343e-08,-1.0220027742838988e-07,0.09015514168753487,18.358936913189147,18.358936913189147,18.358936913189147,,0.9830527509363066,0.11655038655431688,61.46795242772991,18.358936913189147,0.24833958760856845,0.8258764528474662,30.53707660676769,9.179468456594574,0.642339952732124,1.2866891893024437,77.74087507213562,27.53840536978372,0.9456880589794413,0.05255031028260945,126.78105989203662,36.717873826378295,nan,nan,nan,18.358936913189147,nan,nan,nan,27.53840536978372
SXS,SXS:BBH:2275,a,False,40.0,1.0000000210734246,20.000000210734243,19.999999789265757,8.45000991683e-07,8.86089824333e-07,8.655454077915294e-07,0.09168356406718885,19.572536919249753,19.572536919249753,19.572536919249753,,0.9921006178333528,1.5989146923860924,89.8695763330895,19.572536919249753,0.5369802846600105,2.1527467168005763,54.762869876661114,9.786268459624877,0.6242514962588158,1.3642819485440665,129.01284488768096,29.358805378874628,0.98015098638323,1.6882281016700362,184.6001994212652,39.145073838499506,nan,nan,nan,19.572536919249753,nan,nan,nan,29.358805378874628
SXS,SXS:BBH:2278,a,False,40.0,1.0,20.0,20.0,2.0264402168e-06,2.02342611504e-06,2.0249331659199995e-06,0.12390630273445,24.85863520718846,24.85863520718846,24.85863520718846,,0.9816671293296877,0.38914886760281525,37.07849454605653,24.85863520718846,0.20720881361437735,0.0511205422359376,22.252300911963903,12.42931760359423,0.38164426350756053,3.8382704020060276,35.8844926635638,37.28795281078269,0.9494425928103399,0.16934752853511975,79.39623585874229,49.71727041437692,nan,nan,nan,24.85863520718846,nan,nan,nan,37.28795281078269
SXS,SXS:BBH:2277,a,False,40.0,1.000000115423905,20.000001154238984,19.999998845761016,1.25033410991e-06,1.20778553914e-06,1.2290598257527805e-06,0.09968993139242983,18.023382334604484,18.023382334604484,18.023382334604484,,0.9837595411050076,0.0017986896918678933,61.46795242772991,18.023382334604484,0.2902048996467198,0.8096421447656447,30.53707660676769,9.011691167302242,0.636499751151546,1.2675570268605811,77.74087507213562,27.035073501906727,0.9571602722462322,0.0681912867624873,126.78105989203662,36.04676466920897,nan,nan,nan,18.023382334604484,nan,nan,nan,27.035073501906727
SXS,SXS:BBH:2279,a,False,40.0,1.0,20.0,20.0,6.94358760456e-07,6.75217739993e-07,6.847882502245e-07,0.12894688869583407,19.037654191625347,19.037654191625347,19.037654191625347,,0.9549886915934596,0.1375309729468285,60.930521328110686,19.037654191625347,0.1640674586949399,0.2978019430820241,32.3458643508032,9.518827095812673,0.19486361423003842,1.1932737858509515,77.43483125880319,28.556481287438018,0.884097872272746,0.03488359145853884,125.73089184614584,38.07530838325069,nan,nan,nan,19.037654191625347,nan,nan,nan,28.556481287438018
SXS,SXS:BBH:2280,a,False,40.0,1.0000000210734246,20.000000210734243,19.999999789265757,-1.67444379332e-06,-1.62815122077e-06,-1.651297507288886e-06,0.12918326075429032,17.052685555770957,17.052685555770957,17.052685555770957,,0.956422089596542,0.12445161253121745,60.930521328110686,17.052685555770957,0.26801241700817796,0.2854844655450261,32.3458643508032,8.526342777885478,0.6072184403298367,1.2998813762218142,77.43483125880319,25.579028333656435,0.8947504048333809,0.002412688536088018,125.73089184614584,34.10537111154191,nan,nan,nan,17.052685555770957,nan,nan,nan,25.579028333656435
SXS,SXS:BBH:2282,a,False,40.0,1.0,20.0,20.0,2.91352871787e-06,2.86121151823e-06,2.88737011805e-06,0.15438919468227574,26.757077328324186,26.757077328324186,26.757077328324186,,0.944374938409867,1.3956827832463368,53.993584987281515,26.757077328324186,0.09329997283867815,2.3869571679286516,38.70318728340722,13.378538664162093,0.2911016165305061,1.2359002673668684,52.644789107376326,40.13561599248628,0.8979867922561762,1.5334751922757075,111.11995322555923,53.51415465664837,nan,nan,nan,26.757077328324186,nan,nan,nan,40.13561599248628
SXS,SXS:BBH:2281,a,False,40.0,1.0,20.0,20.0,9.88175646991e-07,9.59167985159e-07,9.73671816075e-07,0.13621259835167243,17.67409424314678,17.67409424314678,17.67409424314678,,0.956436464050317,0.07723950296205717,60.930521328110686,17.67409424314678,0.16265074073265937,0.43526733301488396,32.3458643508032,8.83704712157339,0.19481889079755166,1.2843971832636263,77.43483125880319,26.511141364720167,0.8927226043890312,0.006626997796345938,125.73089184614584,35.34818848629356,nan,nan,nan,17.67409424314678,nan,nan,nan,26.511141364720167
SXS,SXS:BBH:2283,a,False,40.0,1.0,20.0,20.0,-1.38119124811e-07,-3.36140127574e-07,-2.3712962619250002e-07,0.16189238274932463,18.47832522772992,18.47832522772992,18.47832522772992,,0.8941422652799007,0.1722457113176054,38.82147140508789,18.47832522772992,0.14048290320870027,50.28479237912584,2.5756589699306494,9.23916261386496,0.4723679943120338,5.37258280593086,31.843442380608323,27.717487841594878,0.8040657884300163,0.11719350450611014,79.78935796383878,36.95665045545984,nan,nan,nan,18.47832522772992,nan,nan,nan,27.717487841594878
SXS,SXS:BBH:2284,a,False,40.0,1.0,20.0,20.0,-1.36665033755e-06,-1.36218255115e-06,-1.3644164443499999e-06,0.16187978234861128,15.752742447530572,15.752742447530572,15.752742447530572,,0.8826520490524883,0.36717068446980006,37.44523559651682,15.752742447530572,0.20119090031230738,1.0160942248985236,19.421803922596773,7.876371223765286,0.23959730240812244,3.042107570181529,39.88325028290615,23.62911367129586,0.7722789022151915,0.15451930867463956,76.88243613911779,31.505484895061144,nan,nan,nan,15.752742447530572,nan,nan,nan,23.62911367129586
SXS,SXS:BBH:2286,a,False,40.0,1.0000000421468493,20.000000421468485,19.999999578531515,4.84005003514e-06,4.82050926421e-06,4.830279649880895e-06,0.16437555814987215,19.89018172492152,19.89018172492152,19.89018172492152,,0.8939617066093061,0.15228549734500144,38.82147140508789,19.89018172492152,0.1432129019929798,51.354082836779256,2.5756589699306494,9.94509086246076,0.28632774269897004,5.534499673899619,31.843442380608323,29.835272587382278,0.7979164392663142,0.09777043021044206,79.78935796383878,39.78036344984304,nan,nan,nan,19.89018172492152,nan,nan,nan,29.835272587382278
SXS,SXS:BBH:2285,a,False,40.0,1.0000000298023228,20.000000298023224,19.999999701976776,1.33102001708e-06,1.31339580351e-06,1.3222079104263108e-06,0.16558448967808115,23.60027206731633,23.60027206731633,23.60027206731633,,0.9272351911566615,0.4647299215447694,53.993584987281515,23.60027206731633,0.17907011772268336,1.8999286505222845,38.70318728340722,11.800136033658164,0.21204511927549147,2.6681070434709513,52.644789107376326,35.400408100974495,0.8597279703120687,0.5722243356880199,111.11995322555923,47.20054413463266,nan,nan,nan,23.60027206731633,nan,nan,nan,35.400408100974495
SXS,SXS:BBH:2287,a,False,40.0,1.0,20.0,20.0,-4.0494570914e-07,4.33553002736e-07,1.4303646797999973e-08,0.17004950429241422,18.48187576098792,18.48187576098792,18.48187576098792,,0.8937292935182073,0.17485546082511183,38.82147140508789,18.48187576098792,0.14059224843596518,49.08473873027205,2.5756589699306494,9.24093788049396,0.47255401376988465,5.6733283168468125,31.843442380608323,27.722813641481878,0.7992653063043434,0.04098587190484229,79.78935796383878,36.96375152197584,nan,nan,nan,18.48187576098792,nan,nan,nan,27.722813641481878
SXS,SXS:BBH:2288,a,False,40.0,1.0000000298023228,20.000000298023224,19.999999701976776,-1.23892770916e-06,-1.26023034181e-06,-1.249579025326283e-06,0.1666417304255923,15.470145510834088,15.470145510834088,15.470145510834088,,0.8820579979742434,0.24058812615520553,37.44523559651682,15.470145510834088,0.45342198007769074,0.8940682960232522,19.421803922596773,7.735072755417044,0.18740775610951269,2.9435153485138494,39.88325028290615,23.205218266251133,0.7730780608261019,0.11294103160550413,76.88243613911779,30.940291021668177,nan,nan,nan,15.470145510834088,nan,nan,nan,23.205218266251133
SXS,SXS:BBH:2289,a,False,40.0,1.0000000298023228,20.000000298023224,19.999999701976776,1.37038870545e-06,1.35619708001e-06,1.3632928928357358e-06,0.173200951829129,24.48315085204637,24.48315085204637,24.48315085204637,,0.9313543183565981,0.6974681369701613,53.993584987281515,24.48315085204637,0.17401640199480736,1.8999286505222845,38.70318728340722,12.241575426023186,0.2127155623997913,2.3100553494449305,52.644789107376326,36.724726278069554,0.8599183568970907,0.8549451758608692,111.11995322555923,48.96630170409274,nan,nan,nan,24.48315085204637,nan,nan,nan,36.724726278069554
SXS,SXS:BBH:2290,a,False,40.0,1.0,20.0,20.0,5.18305374246e-06,5.11685476025e-06,5.149954251355e-06,0.20890427366039785,21.284386007318105,21.284386007318105,21.284386007318105,,0.8238219561095319,0.2833339986263211,61.78618670018068,21.284386007318105,0.20484487057468317,0.8362700614849876,38.06652128483515,10.642193003659052,0.5615928635478505,0.9568623690982918,77.2375428094515,31.926579010977157,0.7678967284221402,0.4205808678944039,127.5370118004303,42.56877201463621,nan,nan,nan,21.284386007318105,nan,nan,nan,31.926579010977157
SXS,SXS:BBH:2291,a,False,40.0,1.0000000596046466,20.000000596046448,19.999999403953552,-6.57051282782e-07,-6.40142019576e-07,-6.485966514309677e-07,0.2090058805397679,14.200695564500158,14.200695564500158,14.200695564500158,,0.7757807473402517,0.247425256079247,63.581452095472365,14.200695564500158,0.4529476091912565,0.6231518158000608,40.8399824190746,7.100347782250079,0.356136463657565,1.827301729537099,76.98682888754115,21.301043346750237,0.7413962333123972,0.15524057298437166,130.4515600989088,28.401391129000316,nan,nan,nan,14.200695564500158,nan,nan,nan,21.301043346750237
SXS,SXS:BBH:2293,a,False,40.0,1.0000000298023228,20.000000298023224,19.999999701976776,1.27142482155e-06,1.27276142624e-06,1.2720931238850414e-06,0.2067958394339588,25.464225297690227,25.464225297690227,25.464225297690227,,0.9392648793341218,1.046575460108249,53.993584987281515,25.464225297690227,0.16481263698007903,2.06227148965774,38.70318728340722,12.732112648845114,0.21290224990946016,1.7133025260682293,52.644789107376326,38.19633794653534,0.8785996208812629,1.1376660160337184,111.11995322555923,50.928450595380454,nan,nan,nan,25.464225297690227,nan,nan,nan,38.19633794653534
SXS,SXS:BBH:2292,a,False,40.0,1.0000000421468493,20.000000421468485,19.999999578531515,-2.58878198036e-07,-2.06650117565e-07,-2.3276415835081224e-07,0.20713568904348933,15.335893487889525,15.335893487889525,15.335893487889525,,0.893749417088261,0.0024023495775836808,38.82147140508789,15.335893487889525,0.1354482289299752,50.2245379678901,2.5756589699306494,7.667946743944762,0.27509981200593914,5.655052114397493,31.843442380608323,23.00384023183429,0.8090546580285652,0.10941344889576217,79.78935796383878,30.67178697577905,nan,nan,nan,15.335893487889525,nan,nan,nan,23.00384023183429
SXS,SXS:BBH:2295,a,False,40.0,1.0000000365002422,20.000000365002414,19.999999634997586,-2.73959980955e-06,-2.75661230959e-06,-2.7481060594147603e-06,0.20700382556802782,12.783558609344192,12.783558609344192,12.783558609344192,,0.8816652113296755,0.09763087554438411,37.44523559651682,12.783558609344192,0.44358563670987927,0.7562576376884637,19.421803922596773,6.391779304672096,0.18767381274147546,2.89972802776427,39.88325028290615,19.17533791401629,0.772758410240381,0.1371368492232471,76.88243613911779,25.567117218688384,nan,nan,nan,12.783558609344192,nan,nan,nan,19.17533791401629
SXS,SXS:BBH:2298,a,False,40.0,1.0,20.0,20.0,-1.60003143644e-07,-1.55084960172e-07,-1.57544051908e-07,0.2675566424871627,26.53079533441675,26.53079533441675,26.53079533441675,,0.8253448085271448,1.7415070089949727,58.10490430531499,26.53079533441675,0.15571608202037016,1.6339912578824145,32.43496523770746,13.265397667208376,0.383847519828526,0.8690608805614563,74.27311010483652,39.79619300162513,0.7652743192731661,1.8356983356310812,120.08371346039355,53.0615906688335,nan,nan,nan,26.53079533441675,nan,nan,nan,39.79619300162513
SXS,SXS:BBH:2297,a,False,40.0,1.0000000942432226,20.00000094243218,19.999999057567816,-6.79364760138e-07,-6.64492923874e-07,-6.719288423563924e-07,0.2055946406381055,14.171715544540271,14.171715544540271,14.171715544540271,,0.9054743130756044,0.09461614692841525,58.63635157004856,14.171715544540271,0.37435630818325394,0.4436590667014093,36.052113719716964,7.085857772270136,0.48336381901614556,1.124446639462976,75.93773168081917,21.257573316810408,0.8335643944859747,0.02297359517138111,121.10041314217415,28.343431089080543,nan,nan,nan,14.171715544540271,nan,nan,nan,21.257573316810408
SXS,SXS:BBH:2296,a,False,40.0,1.0000000298023228,20.000000298023224,19.999999701976776,-4.11540564384e-08,-9.80129348636e-08,-6.958349522736834e-08,0.2074709132525616,13.835526995753284,13.835526995753284,13.835526995753284,,0.7756353305538579,0.27051386758637475,63.581452095472365,13.835526995753284,0.6497357747879808,0.6821035887607549,40.8399824190746,6.917763497876642,0.3708079583595274,1.815094543935618,76.98682888754115,20.753290493629926,0.7413173282832783,0.17774712729553296,130.4515600989088,27.671053991506568,nan,nan,nan,13.835526995753284,nan,nan,nan,20.753290493629926
SXS,SXS:BBH:2299,a,False,40.0,1.0000000730004854,20.000000730004828,19.999999269995172,-2.09042908445e-06,-2.03565101296e-06,-2.0630400497047067e-06,0.28083417737359473,11.596100613337669,11.596100613337669,11.596100613337669,,0.7755354728228471,0.22080346975952056,63.581452095472365,11.596100613337669,0.42856042353375395,0.7207992324074796,40.8399824190746,5.798050306668834,0.3523972141254385,1.9167436938108255,76.98682888754115,17.394150920006503,0.7412485853089034,0.12928992133003175,130.4515600989088,23.192201226675337,nan,nan,nan,11.596100613337669,nan,nan,nan,17.394150920006503
SXS,SXS:BBH:2300,a,False,40.0,1.0000000298023228,20.000000298023224,19.999999701976776,-1.57007240921e-06,-1.53585975705e-06,-1.5529660833849042e-06,0.26768524856437953,12.960261705100084,12.960261705100084,12.960261705100084,,0.777137397584491,0.277882389889566,63.581452095472365,12.960261705100084,0.4179510969965956,0.7532920292150428,40.8399824190746,6.480130852550042,0.3506041810088797,1.7834198435505997,76.98682888754115,19.440392557650128,0.7359844614537273,0.08860007558663918,130.4515600989088,25.92052341020017,nan,nan,nan,12.960261705100084,nan,nan,nan,19.440392557650128
SXS,SXS:BBH:2301,a,False,40.0,1.0000000298023228,20.000000298023224,19.999999701976776,-7.53211598278e-07,-7.33559330298e-07,-7.433854644344208e-07,0.27094228265121756,13.488985439782232,13.488985439782232,13.488985439782232,,0.7418403915793184,0.1959033635442894,62.55630975364681,13.488985439782232,0.2678527379980393,0.19934429274991,34.40863795476966,6.744492719891116,0.2700368094385742,1.11325518695566,82.83249143423429,20.233478159673346,0.6967351471047623,0.1259483367531696,128.9332631874529,26.977970879564463,nan,nan,nan,13.488985439782232,nan,nan,nan,20.233478159673346
SXS,SXS:BBH:2302,a,False,40.0,1.0000000788495367,20.000000788495335,19.999999211504665,1.35161014553e-06,1.39542835478e-06,1.3735192492912386e-06,0.3014664148775377,13.544338319238879,13.544338319238879,13.544338319238879,,0.7406074748314778,0.276192171191502,62.55630975364681,13.544338319238879,0.2691779792591217,0.2723282927695621,34.40863795476966,6.772169159619439,0.26990452063827297,1.1283537960605867,82.83249143423429,20.31650747885832,0.7006940024615494,0.1551259104560487,128.9332631874529,27.088676638477757,nan,nan,nan,13.544338319238879,nan,nan,nan,20.31650747885832
SXS,SXS:BBH:2303,a,False,40.0,1.0,20.0,20.0,-1.80599106871e-06,-1.75571831383e-06,-1.78085469127e-06,0.3071022057049924,10.667690150610468,10.667690150610468,10.667690150610468,,0.7769289959932569,0.2595949494611799,63.581452095472365,10.667690150610468,0.23099710452612493,0.7675274919525628,40.8399824190746,5.333845075305234,0.5424501507736978,1.8012558734859494,76.98682888754115,16.001535225915703,0.7322752909348982,0.11893857621480262,130.4515600989088,21.335380301220937,nan,nan,nan,10.667690150610468,nan,nan,nan,16.001535225915703
SXS,SXS:BBH:2305,a,False,40.0,1.0,20.0,20.0,-7.31106276634e-07,-7.15752868945e-07,-7.234295727895e-07,0.3058824346062601,27.59833559493378,27.59833559493378,27.59833559493378,,0.7461984404564967,2.1159932032993023,60.310973437763984,27.59833559493378,0.264009842746736,2.066566761048682,34.27231097243392,13.79916779746689,0.5978164522542925,0.8208970773981666,70.16735251140194,41.397503392400665,0.7007912590148532,2.2015634967475513,124.69014365338158,55.19667118986756,nan,nan,nan,27.59833559493378,nan,nan,nan,41.397503392400665
SXS,SXS:BBH:2304,a,False,40.0,1.0000000298023228,20.000000298023224,19.999999701976776,-2.53223193113e-06,-2.67975545825e-06,-2.605993693590864e-06,0.3074394833106738,11.517627575672483,11.517627575672483,11.517627575672483,,0.7769594393780672,0.2484835953927402,63.581452095472365,11.517627575672483,0.3535649346159449,0.7761767940851053,40.8399824190746,5.7588137878362415,0.38895777590101704,1.7877996907838518,76.98682888754115,17.276441363508724,0.7317879199906263,0.15627222150068967,130.4515600989088,23.035255151344966,nan,nan,nan,11.517627575672483,nan,nan,nan,17.276441363508724
SXS,SXS:BBH:2306,a,False,40.0,1.0000000210734246,20.000000210734243,19.999999789265757,3.93518272601e-07,3.56921475281e-07,3.7521987413380496e-07,0.3032362090348729,12.96177147838739,12.96177147838739,12.96177147838739,,0.785222785723363,0.2816667859402795,63.94792236979266,12.96177147838739,0.663325942088231,1.045808083340696,42.173941258948076,6.480885739193695,0.3687378175877868,1.4539806346682014,81.58993649824569,19.442657217581086,0.7462082034978633,0.10441139731827988,131.9409055769465,25.92354295677478,nan,nan,nan,12.96177147838739,nan,nan,nan,19.442657217581086
SXS,SXS:BBH:2307,a,False,40.0,1.0,20.0,20.0,-2.3843937604e-06,-2.46435965941e-06,-2.424376709905e-06,0.3077713239977115,19.146217931098793,19.146217931098793,19.146217931098793,,0.7081508720598709,0.3107806330464282,58.15749514552537,19.146217931098793,0.1579603387043731,0.029654041635117655,33.605264907078045,9.573108965549396,0.20897614359790112,1.8327103682296073,71.84080835066162,28.71932689664819,0.6522149834771063,0.2866773399292133,118.18054011673952,38.292435862197586,nan,nan,nan,19.146217931098793,nan,nan,nan,28.71932689664819
SXS,SXS:BBH:2308,a,False,40.0,1.0000000210734246,20.000000210734243,19.999999789265757,-2.099656454e-06,-2.31422156666e-06,-2.2069390091995944e-06,0.30731614995274364,20.021030252040948,20.021030252040948,20.021030252040948,,0.736437910754224,0.27562772275733427,59.927047683544885,20.021030252040948,0.12386985247968693,0.5472187010842026,37.270842546637866,10.010515126020474,0.1992095747143063,1.694117504656812,74.49611427814527,30.031545378061423,0.7011675244665929,0.19346364452764916,123.80414285872062,40.042060504081896,nan,nan,nan,20.021030252040948,nan,nan,nan,30.031545378061423
SXS,SXS:BBH:2310,a,False,40.0,1.0000000632202748,20.000000632202728,19.999999367797272,-1.81431143161e-06,-1.788610147e-06,-1.8014607897112104e-06,0.20694788033080133,27.85832509121347,27.85832509121347,27.85832509121347,,0.9066304514226294,2.23787221354226,62.12804954021585,27.85832509121347,0.2993831700872964,1.9673813586979547,33.48466792982397,13.929162545606735,0.48211366124204796,1.2710051616546365,75.21499776247386,41.7874876368202,0.8460395761422337,2.297869729514591,126.12673068888381,55.71665018242694,nan,nan,nan,27.85832509121347,nan,nan,nan,41.7874876368202
SXS,SXS:BBH:2309,a,False,40.0,1.0001888322698842,20.001888144427543,19.998111855572457,-1.19562349352e-06,1.27369906391e-06,3.89212242543346e-08,0.20705457038754535,28.865288617527323,28.865288617527323,28.865288617527323,,0.9325258825789337,2.422108533649314,61.83794202427105,28.865288617527323,0.30552369003937907,2.308674790621098,34.77914479834961,14.432644308763662,0.4734413117865596,1.588394527041881,76.2848823901651,43.29793292629098,0.8783201817313128,2.5099137433399266,126.5538605601247,57.730577235054646,nan,nan,nan,28.865288617527323,nan,nan,nan,43.29793292629098
SXS,SXS:BBH:2517,a,False,40.0,1.0,20.0,20.0,-1.3019113966627925e-07,-1.6955695688554694e-07,-1.4987404827591312e-07,0.04044729425578656,26.025168673766878,26.025168673766878,26.025168673766878,,0.9888681302995814,0.42855456478586074,47.22076689039288,26.025168673766878,0.35098203453002247,1.1556039942171357,30.63425484494897,13.012584336883439,0.36223514910562893,0.7415121015296283,59.033180526711334,39.03775301065032,0.9833479544773343,0.5379238697683711,96.23936404901808,52.050337347533755,nan,nan,nan,26.025168673766878,nan,nan,nan,39.03775301065032
SXS,SXS:BBH:2311,a,False,40.0,1.0000000894069712,20.00000089406967,19.99999910593033,-9.13726388718e-07,-9.20375781543e-07,-9.170510849818744e-07,0.27094784850992587,12.438951978343416,12.438951978343416,12.438951978343416,,0.7766181786596095,0.2888782771105042,63.581452095472365,12.438951978343416,0.47574925930485656,0.6678081493749662,40.8399824190746,6.219475989171708,0.35931027618214983,1.8378470805596419,76.98682888754115,18.658427967515124,0.736157434738271,0.09931876228895838,130.4515600989088,24.877903956686833,nan,nan,nan,12.438951978343416,nan,nan,nan,18.658427967515124
SXS,SXS:BBH:2312,a,False,40.0,1.0000000421468493,20.000000421468485,19.999999578531515,-9.20779423266e-07,-9.14386065194e-07,-9.175827442973649e-07,0.2618126672681879,12.607702424448348,12.607702424448348,12.607702424448348,,0.7771535884877264,0.28771257132249567,63.581452095472365,12.607702424448348,0.4595836236359158,0.5917912094825156,40.8399824190746,6.303851212224174,0.35747347390810447,1.7955962798013698,76.98682888754115,18.911553636672522,0.7356039059615692,0.14634734300564708,130.4515600989088,25.215404848896696,nan,nan,nan,12.607702424448348,nan,nan,nan,18.911553636672522
SXS,SXS:BBH:2518,a,False,40.0,1.0,20.0,20.0,-5.361857248526846e-08,-5.4405116587982916e-08,-5.4011844536625684e-08,0.06773957532970792,15.239574584593232,15.239574584593232,15.239574584593232,,0.9916785789850971,0.05949164239664799,89.8695763330895,15.239574584593232,0.42814964818319795,0.7062104880455452,54.762869876661114,7.619787292296616,0.43576240137843997,0.35617931587878743,129.01284488768096,22.85936187688985,0.9641099186069156,0.09039585134889493,184.6001994212652,30.479149169186464,nan,nan,nan,15.239574584593232,nan,nan,nan,22.85936187688985
SXS,SXS:BBH:2519,a,False,40.0,1.0000000298023228,20.000000298023224,19.999999701976776,-3.863986565103905e-08,-5.012356611464584e-08,-4.438171579728221e-08,0.06415785633556666,19.180332678516173,19.180332678516173,19.180332678516173,,0.9916125033840303,0.4581665848285893,73.34853693238763,19.180332678516173,0.6686472313819063,0.32642016881239755,39.02753440256828,9.590166339258086,0.7342346570507856,0.2231394871140688,100.43323882628525,28.77049901777426,0.9724358776517458,0.5181158195215865,151.49214759122623,38.360665357032346,nan,nan,nan,19.180332678516173,nan,nan,nan,28.77049901777426
SXS,SXS:BBH:2520,a,False,40.0,1.0000000210734246,20.000000210734243,19.999999789265757,-2.3046308387781587e-07,-1.479718297752823e-07,-1.8921745726114238e-07,0.17640666041692965,27.623762779133838,27.623762779133838,27.623762779133838,,0.9209924928747202,0.7809439505719884,45.67727876665508,27.623762779133838,0.33394969879193676,2.9219762840280183,42.994428811104015,13.811881389566919,0.3876180186477016,2.364496054232702,43.59447378727273,41.435644168700755,0.8336960844029218,0.98958592992873,96.1421470745779,55.247525558267675,nan,nan,nan,27.623762779133838,nan,nan,nan,41.435644168700755
SXS,SXS:BBH:2521,a,False,40.0,1.0,20.0,20.0,-3.027031120624407e-07,-2.9579702579103507e-07,-2.9925006892673787e-07,0.3090823058680599,34.217189410546446,34.217189410546446,34.217189410546446,,0.7941216559659944,3.131448451971745,59.80688359306488,34.217189410546446,0.3091549715529515,2.966169216796828,34.096106997232575,17.108594705273223,0.4336412725389528,2.3139361143122192,72.81642196958404,51.32578411581967,0.6965896679621407,3.1310586139650542,121.59229023472156,68.43437882109289,nan,nan,nan,34.217189410546446,nan,nan,nan,51.32578411581967
SXS,SXS:BBH:2525,a,False,40.0,1.0,20.0,20.0,-2.0386097978954414e-08,-2.108005824898611e-08,-2.0733078113970258e-08,0.6105480424440313,49.10736449555736,nan,nan,RuntimeError('Internal function call failed: Input domain error'),nan,nan,nan,nan,nan,nan,nan,nan,nan,nan,nan,nan,nan,nan,nan,nan,nan,nan,nan,nan,nan,nan,nan,nan
SXS,SXS:BBH:2523,a,False,40.0,1.0,20.0,20.0,-2.0789851414027086e-08,-2.3884696762973587e-08,-2.2337274088500336e-08,0.4031879890579376,18.60206753733431,18.60206753733431,18.60206753733431,,0.5794298403994412,0.8592833907768572,64.012259689104,18.60206753733431,0.25890822405726355,1.4556144998268545,51.579747309819076,9.301033768667155,0.5497071397797215,5.376867916071946,58.41005820701096,27.903101306001467,0.566363547606993,0.7324304298402735,130.79075033704146,37.20413507466862,nan,nan,nan,18.60206753733431,nan,nan,nan,27.903101306001467
SXS,SXS:BBH:2522,a,False,40.0,1.0000000596046466,20.000000596046448,19.999999403953552,-3.493761814048443e-07,-3.791618244909017e-07,-3.6426900250403235e-07,0.4063723270104906,9.183554750784223,9.183554750784223,9.183554750784223,,0.6364277901129649,0.5831124711408003,59.34957413972169,9.183554750784223,0.4570476176858122,0.9804649878908194,31.292591063946645,4.591777375392112,0.12964951934155652,1.9478037331402929,74.45397283006258,13.775332126176334,0.6120196335886344,0.32856413749350427,122.7979339875941,18.367109501568446,nan,nan,nan,9.183554750784223,nan,nan,nan,13.775332126176334
SXS,SXS:BBH:2524,a,False,40.0,1.0,20.0,20.0,1.2455760597341627e-08,1.2499401747695178e-08,1.2477581172518401e-08,0.7019493959812277,4.176481955336987,4.176481955336987,4.176481955336987,,0.36177735381234866,2.0884797942408557,69.44050089460556,4.176481955336987,0.5375707115699037,5.823242688558345,25.95417634223955,2.0882409776684936,0.22678088064495322,3.692393802792649,87.88297414068566,6.264722933005481,0.4343713531811759,1.9143186144000834,142.2174063487053,8.352963910673974,nan,nan,nan,4.176481955336987,nan,nan,nan,6.264722933005481
SXS,SXS:BBH:2529,a,False,40.0,2.000001977475807,26.66667545544224,13.333324544557762,-1.309453180919217e-07,-1.8856406688457823e-07,-1.501515550295176e-07,0.04585471849753111,22.33463349512051,22.33463349512051,22.33463349512051,,0.9918080891326573,0.6243002373721055,64.39868336622956,22.33463349512051,0.9947846289256296,1.065480682316331,39.73876063219285,11.167316747560255,0.9902770900750093,0.8828755747498862,103.55026286379065,33.50195024268076,0.9737239303839383,0.6639614125975739,131.94275226549595,44.66926699024102,nan,nan,nan,22.33463349512051,nan,nan,nan,33.50195024268076
SXS,SXS:BBH:2530,a,False,40.0,2.0000008004645315,26.666670224285856,13.333329775714143,-5.0077373283301375e-08,-7.337595377931947e-09,-3.583078444947458e-08,0.18588083880352016,23.171648791903063,23.171648791903063,23.171648791903063,,0.8756439274276315,0.38842951699158185,59.69006855003823,23.171648791903063,0.9890660072790702,1.064184262872107,37.321077897659805,11.585824395951532,0.768099619957239,0.6875031196434965,95.44336744139288,34.75747318785459,0.7662277580083084,0.5283782320388428,122.28329207489581,46.34329758380613,nan,nan,nan,23.171648791903063,nan,nan,nan,34.75747318785459
SXS,SXS:BBH:2531,a,False,40.0,1.9999962973150431,26.66665021026877,13.33334978973123,-9.784033684914377e-07,-5.43722546672691e-07,-8.335095823865082e-07,0.30674740469257555,28.511557561275772,28.511557561275772,28.511557561275772,,0.667819577615072,2.39720373829957,64.67539998127656,28.511557561275772,0.9688573952452644,2.794705251871971,41.42585302881639,14.255778780637886,0.5788425760318486,2.4989345741362876,102.94177540710986,42.76733634191366,0.6009885232043357,2.4340879775380406,133.85507069957785,57.023115122551545,nan,nan,nan,28.511557561275772,nan,nan,nan,42.76733634191366
SXS,SXS:BBH:2532,a,False,40.0,2.0000103698038068,26.66671275452428,13.333287245475722,9.24504848455729e-07,-7.757111540837275e-07,3.5776813992540274e-07,0.4059498380186759,11.842186934089126,11.842186934089126,11.842186934089126,,0.6016280200696335,0.5269343132286874,64.00555267233273,11.842186934089126,0.9518300550278267,0.35149587055110837,40.18000467077289,5.921093467044563,0.502462566720803,0.16580110229347833,103.08620651737259,17.763280401133688,0.5207009832595005,0.41585539521578857,132.47948156628,23.684373868178252,nan,nan,nan,11.842186934089126,nan,nan,nan,17.763280401133688
SXS,SXS:BBH:2526,a,False,40.0,1.0000037487672275,20.000037487602008,19.99996251239799,4.028648446580815e-06,3.8072493582586414e-06,3.917949109912751e-06,0.7124862851311622,3.403732916769802,3.403732916769802,3.403732916769802,,0.3121111992550057,2.7545902072831296,61.86274486791203,3.403732916769802,0.299177633571777,6.0896520316073754,24.496922951060082,1.701866458384901,0.27049414719294607,7.458689465576363,60.685415355789765,5.1055993751547035,0.4114744479239774,2.364084757105586,128.9520519755311,6.807465833539604,nan,nan,nan,3.403732916769802,nan,nan,nan,5.1055993751547035
SXS,SXS:BBH:2533,a,False,40.0,2.000000343408086,26.666668192924654,13.33333180707535,-6.552686652844423e-08,-7.844427263564034e-09,-4.629938897444126e-08,0.5044821234796079,9.24417636170917,9.24417636170917,9.24417636170917,,0.5023911569608254,0.8236951492375504,68.98599843663658,9.24417636170917,0.9402565856872409,0.4064923651107452,39.69285094463408,4.622088180854585,0.4065563922408186,0.6265217262560557,108.02017846587901,13.866264542563755,0.4331689357503682,0.6788427245346403,142.19724586223558,18.48835272341834,nan,nan,nan,9.24417636170917,nan,nan,nan,13.866264542563755
SXS,SXS:BBH:2534,a,False,40.0,1.9998567837310826,26.666030119527953,13.333969880472045,1.6121971482699268e-07,1.7494633614480866e-07,1.6579547370730277e-07,0.7019030741471773,5.012362894726297,5.012362894726297,5.012362894726297,,0.42790490011097726,2.172099782943826,75.16445953576152,5.012362894726297,0.9160541724726431,1.1939249289474883,44.806843410989096,2.5061814473631485,0.36032035468367535,1.5250529390559735,122.28860526154669,7.518544342089445,0.3796872957047484,1.8753165601217874,156.95326476450387,10.024725789452594,nan,nan,nan,5.012362894726297,nan,nan,nan,7.518544342089445
SXS,SXS:BBH:2536,a,False,40.0,3.000064948636415,30.000162368954626,9.999837631045374,-1.2869066900775652e-06,-4.307545541019448e-06,-2.0420541413637226e-06,0.05815997664407635,16.457265146515578,16.457265146515578,16.457265146515578,,0.9931358349733646,0.27975826514800745,114.07937394552104,16.457265146515578,0.9872993571312357,1.0159947354718195,67.99479867559018,8.228632573257789,0.9863535397283145,0.5106566665895304,178.50797363425815,24.685897719773365,0.9762201069260406,0.47953815364974006,237.09532055811076,32.914530293031156,nan,nan,nan,16.457265146515578,nan,nan,nan,24.685897719773365
SXS,SXS:BBH:2537,a,False,40.0,3.0000451103736334,30.000112774662256,9.999887225337742,3.2427428304058633e-07,-4.490573003009401e-06,-8.794239636524979e-07,0.19050905277616637,21.055710517925483,21.055710517925483,21.055710517925483,,0.8629866553925493,0.8571559859598947,83.37392139547806,21.055710517925483,0.9835653231796416,1.5720856706873798,50.680533229095815,10.527855258962742,0.7663263482112179,1.0256684177412254,131.45946999774375,31.583565776888225,0.7686604373046761,1.0825397486756927,175.18245750305078,42.11142103585097,nan,nan,nan,21.055710517925483,nan,nan,nan,31.583565776888225
SXS,SXS:BBH:2538,a,False,40.0,2.9999937401909045,29.99998435045277,10.00001564954723,3.2313359798605507e-07,9.198552225513614e-07,4.7231423758796283e-07,0.3059435357725259,17.96128430442652,17.96128430442652,17.96128430442652,,0.742756283401833,0.629133511512737,104.45949917323343,17.96128430442652,0.9762481092779768,1.3376125962014276,63.52333363972389,8.98064215221326,0.6391942130033352,0.8095662556677532,164.1501702020186,26.94192645663978,0.6506377080083955,0.8347767365041622,217.957593974955,35.92256860885304,nan,nan,nan,17.96128430442652,nan,nan,nan,26.94192645663978
SXS,SXS:BBH:2539,a,False,40.0,3.0000367902444536,30.00009197476519,9.99990802523481,3.0101351373566704e-06,-5.625409249874503e-06,8.512688968530597e-07,0.25379944326705994,24.354244899558026,24.354244899558026,24.354244899558026,,0.7765574803143358,1.200491318456037,70.4629401856197,24.354244899558026,0.981367811161985,1.6638199928129045,43.52587772273054,12.177122449779013,0.6903635087564427,1.4470068854473124,113.03080119381183,36.53136734933704,0.7032659084917913,1.4304519863635416,150.19360171851892,48.70848979911605,nan,nan,nan,24.354244899558026,nan,nan,nan,36.53136734933704
SXS,SXS:BBH:2528,a,False,40.0,1.0,20.0,20.0,3.860234955297727e-06,3.87314531476517e-06,3.866690135031448e-06,0.6157585001109679,2.6530572462474336,2.6530572462474336,2.6530572462474336,,0.34237777258879915,2.785076163830756,39.31317923879372,2.6530572462474336,0.41847477113354725,25.06988980026495,6.33592307366946,1.3265286231237168,0.4746362995989054,19.62421208833848,20.700212440623453,3.9795858693711503,0.362018428647317,2.0261182616378046,86.94576276506359,5.306114492494867,nan,nan,nan,2.6530572462474336,nan,nan,nan,3.9795858693711503
SXS,SXS:BBH:2540,a,False,40.0,2.999996828178428,29.99999207043978,10.000007929560217,-8.677339597791958e-08,-5.2713113799200266e-06,-1.3829089197410998e-06,0.203106415341346,32.43161009354114,32.43161009354114,32.43161009354114,,0.8922356815659367,1.3378652152548869,45.73913656829263,32.43161009354114,0.9866495976223167,1.70837218184703,28.842028698424656,16.21580504677057,0.8311499616777914,1.666439526464384,74.85254945992335,48.64741514031171,0.7951615292351177,1.586192475338891,97.65237969170182,64.86322018708228,nan,nan,nan,32.43161009354114,nan,nan,nan,48.64741514031171
SXS,SXS:BBH:2541,a,False,40.0,2.9999911580054346,29.999977894964722,10.000022105035276,9.70194646801961e-07,5.328494762929689e-07,8.608581124864524e-07,0.3045077736561845,19.55421366389101,19.55421366389101,19.55421366389101,,0.644502321323,0.36396864604525025,87.04212477500198,19.55421366389101,0.9685872900814723,1.183608413288942,54.21237080415526,9.777106831945504,0.5581995539033261,0.637358501575899,137.99838445574835,29.331320495836515,0.5807903665640193,0.6516093045400396,182.97584723964954,39.10842732778202,nan,nan,nan,19.55421366389101,nan,nan,nan,29.331320495836515
SXS,SXS:BBH:2542,a,False,40.0,3.000013011907335,30.00003252966252,9.99996747033748,-4.5519539676212036e-07,-2.4542306472511123e-08,-3.475324744147103e-07,0.30554731200258495,13.789386304855299,13.789386304855299,13.789386304855299,,0.6222257706609673,0.45669053892390177,72.7670076453734,13.789386304855299,0.967490556276359,0.35784973378939394,45.35709293298686,6.894693152427649,0.5419516062007319,0.09697196540037822,116.53198631608691,20.684079457282948,0.5629223598778621,0.07564463967693005,155.7359649936144,27.578772609710597,nan,nan,nan,13.789386304855299,nan,nan,nan,20.684079457282948
SXS,SXS:BBH:2543,a,False,40.0,2.9999956485355392,29.999989121327015,10.000010878672986,4.068537091485914e-07,6.522891906376177e-07,4.682126462711565e-07,0.40522597187683584,22.980752818649076,22.980752818649076,22.980752818649076,,0.5302394401235686,0.7588598224043912,71.654118759518,22.980752818649076,0.9475874335633859,1.3967672934913455,45.004640441168014,11.490376409324538,0.4324603984817115,1.0869685653206425,114.87253781652653,34.47112922797361,0.4472330278247176,1.0471957908136462,151.19994916531002,45.96150563729815,nan,nan,nan,22.980752818649076,nan,nan,nan,34.47112922797361
SXS,SXS:BBH:2546,a,False,40.0,3.999999391761167,31.999999026817747,8.000000973182251,-1.7760682372093987e-08,1.5033200151696192e-07,1.5857858495337608e-08,0.18413598678893534,20.951058744435773,20.951058744435773,20.951058744435773,,0.8042708674593441,0.15020802995242932,76.121460389433,20.951058744435773,0.9895495325971265,0.4215436487998376,45.2523445181588,10.475529372217887,0.7150593066085172,0.196569703914877,121.45789827721565,31.42658811665366,0.7104349636210526,0.06381086255523462,158.9948327253114,41.902117488871546,nan,nan,nan,20.951058744435773,nan,nan,nan,31.42658811665366
SXS,SXS:BBH:2544,a,False,40.0,3.0003227172248383,30.000806727975842,9.999193272024158,-6.380589538483462e-07,7.845932812462981e-07,-2.8242458740863376e-07,0.7019513841419155,8.062323589594115,8.062323589594115,8.062323589594115,,0.30590245932599586,2.1786117946342975,66.41856884254491,8.062323589594115,0.8582040855724662,0.8734583986502797,42.993597558484325,4.0311617947970575,0.2357293275933225,1.8214860213046196,105.37202948607754,12.093485384391172,0.3041242722603792,1.7388646338539648,142.07613977367004,16.12464717918823,nan,nan,nan,8.062323589594115,nan,nan,nan,12.093485384391172
SXS,SXS:BBH:2570,a,False,40.0,1.0000000471216104,20.000000471216094,19.99999952878391,1.0774019098569054e-06,1.1063690910708093e-06,1.0918855001226125e-06,0.020389142552712028,19.747530335443603,19.747530335443603,19.747530335443603,,0.9954401117652923,0.08955857962218469,63.36926269977352,19.747530335443603,0.3672646627965592,0.022199147189049973,35.50862198126637,9.873765167721801,0.662090004363682,1.2628824000820509,80.06485782478074,29.621295503165406,0.985834924404773,0.025237399518278535,129.5697610198824,39.495060670887206,nan,nan,nan,19.747530335443603,nan,nan,nan,29.621295503165406
SXS,SXS:BBH:2571,a,False,40.0,1.0,20.0,20.0,7.910151669317447e-07,8.018073702098556e-07,7.964112685708001e-07,0.017349010940551437,20.31564612632844,20.31564612632844,20.31564612632844,,0.9960823049363182,0.09526679760349549,63.04411368989478,20.31564612632844,0.32767112091812844,0.5088825650691849,36.99638033977222,10.15782306316422,0.2802496627839452,1.135345460108475,79.61406879637283,30.473469189492658,0.9830590403394696,0.19257004374155573,129.9838053237561,40.63129225265688,nan,nan,nan,20.31564612632844,nan,nan,nan,30.473469189492658
SXS,SXS:BBH:2572,a,False,40.0,1.0,20.0,20.0,1.2390812028159351e-06,1.2370645084091167e-06,1.238072855612526e-06,0.01714470637502298,21.194725194777256,21.194725194777256,21.194725194777256,,0.9918781296475361,0.3021446874259178,61.98050752226177,21.194725194777256,0.23057699730525638,0.5065920340380883,35.894013189570735,10.597362597388628,0.27862399410525,0.8861654992183073,77.99918115876712,31.792087792165884,0.978392518268099,0.3415410299227089,125.840426768121,42.38945038955451,nan,nan,nan,21.194725194777256,nan,nan,nan,31.792087792165884
SXS,SXS:BBH:2573,a,False,40.0,1.0,20.0,20.0,1.028587511929282e-06,1.0391773954728223e-06,1.0338824537010523e-06,0.016311584937252616,20.008520841429274,20.008520841429274,20.008520841429274,,0.9942739097075239,0.0224109979753886,63.172505995194726,20.008520841429274,0.19270510026827467,0.5082676807077052,33.25565113632063,10.004260420714637,0.23006469485617068,1.251959013710278,80.33434690983114,30.01278126214391,0.9799455188518111,0.04575185283657214,130.24840572095871,40.01704168285855,nan,nan,nan,20.008520841429274,nan,nan,nan,30.01278126214391
SXS,SXS:BBH:2574,a,False,40.0,1.0000000365002422,20.000000365002414,19.999999634997586,-1.241496206109444e-07,-1.8280670164241054e-07,-1.5347816059142807e-07,0.04113384343264288,19.229388600822503,19.229388600822503,19.229388600822503,,0.9951221626434189,0.11664701326522012,62.44755903194968,19.229388600822503,0.28765510010816964,0.050099379976525485,34.82802853423106,9.614694300411252,0.6334989103805787,1.073568757440007,80.84537352238708,28.844082901233755,0.9739396313875264,0.05160550993162301,126.67770761700325,38.458777201645006,nan,nan,nan,19.229388600822503,nan,nan,nan,28.844082901233755
SXS,SXS:BBH:2535,a,False,40.0,1.999901482268185,26.66622879570147,13.333771204298529,-2.844363305993005e-07,-3.2938329392996153e-07,-2.994191437337762e-07,0.5800632744996698,2.978877757818126,2.978877757818126,2.978877757818126,,0.2878139965012326,3.1108320534164173,41.16152110356119,2.978877757818126,0.8516115561173687,0.6880123134096244,30.207722754793767,1.489438878909063,0.30859793058789436,2.2103420627436785,67.7305527728026,4.468316636727189,0.3087708699898564,3.0988772051447016,82.09387168356852,5.957755515636252,nan,nan,nan,2.978877757818126,nan,nan,nan,4.468316636727189
SXS,SXS:BBH:2575,a,False,40.0,1.0,20.0,20.0,1.1271208777922661e-06,1.1444702999690287e-06,1.1357955888806475e-06,0.036229970165661214,20.797353159587004,20.797353159587004,20.797353159587004,,0.994478266927769,0.17981121333888933,62.79711809321028,20.797353159587004,0.3547644418165261,0.8930844172457773,37.30207169317307,10.398676579793502,0.27603172180730723,1.0763569867611822,77.69095415404963,31.196029739380506,0.9828428121817182,0.3619768505052388,129.4581356297057,41.59470631917401,nan,nan,nan,20.797353159587004,nan,nan,nan,31.196029739380506
SXS,SXS:BBH:2576,a,False,40.0,1.0,20.0,20.0,9.794559673110186e-07,9.812231167684501e-07,9.803395420397344e-07,0.03750205351782628,21.36930979824669,21.36930979824669,21.36930979824669,,0.9920702308231755,0.4544952081830672,62.5225808246618,21.36930979824669,0.2965335587556382,0.8740780748460436,37.171000905265245,10.684654899123345,0.322068524948311,0.6899595698625125,79.29281791522783,32.053964697370034,0.9848870898379197,0.5357355605219324,127.9058910201896,42.73861959649338,nan,nan,nan,21.36930979824669,nan,nan,nan,32.053964697370034
SXS,SXS:BBH:2577,a,False,40.0,1.0000000210734246,20.000000210734243,19.999999789265757,1.072069291584849e-06,1.06913571688096e-06,1.0706025042483595e-06,0.0331486237287022,19.776826714822164,19.776826714822164,19.776826714822164,,0.9959817725573579,0.10442228102676152,62.74816518090755,19.776826714822164,0.24549956921615163,0.3874491568533524,32.159305773771976,9.888413357411082,0.6659454915056991,1.068190326188254,81.56794138067035,29.665240072233246,0.9874939054904814,0.036333202235249856,128.34416967269897,39.55365342964433,nan,nan,nan,19.776826714822164,nan,nan,nan,29.665240072233246
SXS,SXS:BBH:2578,a,False,40.0,1.0000000210734246,20.000000210734243,19.999999789265757,4.496420199477196e-07,4.6253931829430565e-07,4.5609066905306513e-07,0.09287361528999853,18.323050524700434,18.323050524700434,18.323050524700434,,0.9848574183285154,0.09797837971701925,63.19885408305785,18.323050524700434,0.35539929459844066,0.23514953081796033,35.02814974873194,9.161525262350217,0.6701259673978375,0.7045719575245465,86.34299780568759,27.48457578705065,0.9582989824223422,0.031592636387112495,128.2282829353767,36.64610104940087,nan,nan,nan,18.323050524700434,nan,nan,nan,27.48457578705065
SXS,SXS:BBH:2579,a,False,40.0,1.0,20.0,20.0,8.581449166162891e-07,8.700523751272464e-07,8.640986458717678e-07,0.09458270260086045,21.373127745852976,21.373127745852976,21.373127745852976,,0.982648571425444,0.4320728088328717,62.28298429048961,21.373127745852976,0.405546405683189,0.29432826040800064,33.57267142286079,10.686563872926488,0.29834364450516687,0.7183224074868511,78.97160576907896,32.05969161877947,0.9635199756393883,0.5128400796760343,127.3983881304193,42.74625549170595,nan,nan,nan,21.373127745852976,nan,nan,nan,32.05969161877947
SXS,SXS:BBH:2580,a,False,40.0,1.0000000298023228,20.000000298023224,19.999999701976776,-2.524030188285025e-07,-2.5131037266020566e-07,-2.5185669575249497e-07,0.09106748650217393,23.475206133372247,23.475206133372247,23.475206133372247,,0.98407889355773,1.197438762374474,63.00794737666943,23.475206133372247,0.30647086115093003,0.7754625642243177,33.08306943033207,11.737603066686123,0.5957928667601418,0.5982736911521525,85.10339321526804,35.21280920005837,0.9706572490980199,1.3015684712167448,129.91125330385077,46.95041226674449,nan,nan,nan,23.475206133372247,nan,nan,nan,35.21280920005837
SXS,SXS:BBH:2581,a,False,40.0,1.0000000210734246,20.000000210734243,19.999999789265757,1.3024538036414344e-06,1.2937546454971877e-06,1.2981042246151414e-06,0.09537582567700716,18.587663191938546,18.587663191938546,18.587663191938546,,0.9822711226259747,0.05638997895616974,61.46795242772991,18.587663191938546,0.29064942215866646,0.7653267529540708,30.53707660676769,9.293831595969273,0.6359774351626954,1.296157126196421,77.74087507213562,27.88149478790782,0.952508131959097,0.06132658953150065,126.78105989203662,37.17532638387709,nan,nan,nan,18.587663191938546,nan,nan,nan,27.88149478790782
SXS,SXS:BBH:2582,a,False,40.0,1.0000000557550415,20.000000557550397,19.9999994424496,2.050552184518238e-06,2.06561431180367e-06,2.058083247951007e-06,0.12577351368817508,17.927588827282182,17.927588827282182,17.927588827282182,,0.9587808799051363,0.16058776454476967,61.24684049581952,17.927588827282182,0.31867868379033193,0.17120060289697275,36.13762106513415,8.963794413641091,0.6316926125683836,1.4905598369802084,76.35358683593802,26.891383240923275,0.8984831282565032,0.009761731277254961,125.32351856587903,35.855177654564365,nan,nan,nan,17.927588827282182,nan,nan,nan,26.891383240923275
SXS,SXS:BBH:2551,a,False,40.0,3.999842274242172,31.99974763082645,8.000252369173548,5.02788381440311e-07,-1.2758330089548473e-06,1.4705288163102055e-07,0.5873449720650135,4.464929430801101,4.464929430801101,4.464929430801101,,0.2946550761773889,3.2259898488572496,49.001618732217295,4.464929430801101,0.8215608766266732,1.7678555688275142,31.47108854487151,2.2324647154005506,0.24482847064446836,2.9085458894355374,76.55090485459135,6.697394146201652,0.25882597993286127,2.547446216696785,106.59932841104161,8.929858861602202,nan,nan,nan,4.464929430801101,nan,nan,nan,6.697394146201652
SXS,SXS:BBH:2583,a,False,40.0,1.0000000210734246,20.000000210734243,19.999999789265757,7.551554256298045e-07,7.968832760946418e-07,7.76019350642386e-07,0.1326157696708508,22.99642100581625,22.99642100581625,22.99642100581625,,0.9657959161957289,0.8843893483323878,61.68205352061966,22.99642100581625,0.37137169952150445,1.0638093593121207,36.114577891711996,11.498210502908124,0.565870709854154,0.24754593411629947,76.00552234158272,34.494631508724375,0.9264864168965616,1.0538637790123997,126.16062211900065,45.9928420116325,nan,nan,nan,22.99642100581625,nan,nan,nan,34.494631508724375
SXS,SXS:BBH:2584,a,False,40.0,1.0,20.0,20.0,-1.142117736176073e-06,-1.1403532202663822e-06,-1.1412354782212276e-06,0.1296586561540386,24.77956702658357,24.77956702658357,24.77956702658357,,0.968510076181725,1.580507779387456,62.796078976753954,24.77956702658357,0.12860749543152494,0.14777016042802227,26.62620443429372,12.389783513291786,0.5360753290851098,0.7231639919717118,80.23461269645716,37.16935053987535,0.9348691018582761,1.6466015766415483,127.38245510048056,49.55913405316714,nan,nan,nan,24.77956702658357,nan,nan,nan,37.16935053987535
SXS,SXS:BBH:2585,a,False,40.0,1.0000000298023228,20.000000298023224,19.999999701976776,1.1711852018323716e-06,1.082792034091174e-06,1.1269886186203531e-06,0.13023966610285706,17.904084625407403,17.904084625407403,17.904084625407403,,0.9545492162392905,0.1362022683130316,60.930521328110686,17.904084625407403,0.6140612653497992,0.2965508789455931,32.3458643508032,8.952042312703702,0.5769871821393248,1.3137418493237145,77.43483125880319,26.856126938111103,0.8877029063147295,0.013801827825247755,125.73089184614584,35.80816925081481,nan,nan,nan,17.904084625407403,nan,nan,nan,26.856126938111103
SXS,SXS:BBH:2586,a,False,40.0,1.0000000298023228,20.000000298023224,19.999999701976776,3.00038688635051e-06,2.9509454881657184e-06,2.9756661876264812e-06,0.15492615227296105,17.970420862003678,17.970420862003678,17.970420862003678,,0.917812281549073,0.1057215395022024,56.997529417400585,17.970420862003678,0.37580378343083776,0.630813453900263,29.28490744190369,8.985210431001839,0.571430123163849,1.3576723112364193,72.92567992599601,26.955631293005517,0.8464527587757453,0.02140275354488055,117.81910719869198,35.940841724007356,nan,nan,nan,17.970420862003678,nan,nan,nan,26.955631293005517
SXS,SXS:BBH:2587,a,False,40.0,1.0,20.0,20.0,-7.363730539224365e-08,-1.1308112977569316e-07,-9.33592175839684e-08,0.15988103449608565,25.164439634301093,25.164439634301093,25.164439634301093,,0.953263727961343,1.6420577989244305,62.275066482480966,25.164439634301093,0.289421880963209,1.2489196665791655,33.698262150826,12.582219817150547,0.2811833333638796,0.6868666822775951,77.46874601926078,37.74665945145164,0.899093798581462,1.7349587389944205,128.47562116960734,50.328879268602186,nan,nan,nan,25.164439634301093,nan,nan,nan,37.74665945145164
SXS,SXS:BBH:2588,a,False,40.0,1.0,20.0,20.0,-1.3597982412684929e-06,-1.3618206250991183e-06,-1.3608094331838055e-06,0.16133790390507713,26.06083710595649,26.06083710595649,26.06083710595649,,0.9457860241924798,1.8747976359187293,62.71230529887375,26.06083710595649,0.13989091524802735,1.6618364901978735,33.989997055033236,13.030418552978245,0.5247441243511265,1.0783764796143616,79.674440313275,39.091255658934735,0.8959900477882449,1.9379967701119145,127.2488644198022,52.12167421191298,nan,nan,nan,26.06083710595649,nan,nan,nan,39.091255658934735
SXS,SXS:BBH:2589,a,False,40.0,1.0000001429269272,20.00000142926917,19.999998570730828,1.0093116023170855e-06,9.959730922631315e-07,1.0026423477667164e-06,0.16052210843560927,17.387006291589316,17.387006291589316,17.387006291589316,,0.9193467791528456,0.0926332027762582,58.97682578446558,17.387006291589316,0.3703832012069164,0.20794690292934834,35.339547390255746,8.693503145794658,0.504870094833148,1.136791739899358,77.49690741517162,26.080509437383974,0.8521084337227514,0.03214671926751524,121.82043001442212,34.77401258317863,nan,nan,nan,17.387006291589316,nan,nan,nan,26.080509437383974
SXS,SXS:BBH:2590,a,False,40.0,1.0000000298023228,20.000000298023224,19.999999701976776,2.918243478903352e-06,2.9685341163522955e-06,2.9433887972531294e-06,0.16150121843218976,17.628126005529538,17.628126005529538,17.628126005529538,,0.9149885199206157,0.06597718262553061,57.65529117462149,17.628126005529538,0.40217056243378535,0.17284332731732463,32.48352314813837,8.814063002764769,0.5722190418339453,0.874392676543119,77.37229037060445,26.442189008294307,0.8367279109486698,0.10425423662531878,117.08328565841299,35.256252011059075,nan,nan,nan,17.628126005529538,nan,nan,nan,26.442189008294307
SXS,SXS:BBH:2591,a,False,40.0,1.0000000298023228,20.000000298023224,19.999999701976776,-4.340919885253788e-07,-4.475067304376323e-07,-4.4079935938155794e-07,0.16859836251653895,24.9984085632799,24.9984085632799,24.9984085632799,,0.9408173302174013,1.589338722468596,61.575622235224166,24.9984085632799,0.33190303060030535,1.4786130338114023,34.0015320181969,12.49920428163995,0.5184211282525962,0.49049318899130206,74.84253907334963,37.49761284491985,0.8863657210212077,1.5557604274401324,124.93470206287688,49.9968171265598,nan,nan,nan,24.9984085632799,nan,nan,nan,37.49761284491985
SXS,SXS:BBH:2592,a,False,40.0,1.0,20.0,20.0,-1.3521465895299627e-06,-1.3415574292347957e-06,-1.3468520093823793e-06,0.1700983051991783,26.332921002307838,26.332921002307838,26.332921002307838,,0.9398437375080891,1.969802606844395,62.63691097655838,26.332921002307838,0.1443702989787169,1.8456175763339617,33.98177932566999,13.166460501153919,0.5378657271509647,1.131419551818164,78.05554032440325,39.499381503461755,0.8825383086126052,2.065776454889034,128.12462707379382,52.665842004615676,nan,nan,nan,26.332921002307838,nan,nan,nan,39.499381503461755
SXS,SXS:BBH:2593,a,False,40.0,1.0,20.0,20.0,9.569287524972024e-07,9.8449236468808e-07,9.707105585926413e-07,0.16795406431254145,17.28636572514574,17.28636572514574,17.28636572514574,,0.9062206728821381,0.12230372896050923,58.63635157004856,17.28636572514574,0.2255327902605935,0.24686215565888944,36.052113719716964,8.64318286257287,0.15239855966183952,1.197544189326805,75.93773168081917,25.929548587718607,0.8451475054294464,0.0020981093343679516,121.10041314217415,34.57273145029148,nan,nan,nan,17.28636572514574,nan,nan,nan,25.929548587718607
SXS,SXS:BBH:2594,a,False,40.0,1.0000000210734246,20.000000210734243,19.999999789265757,2.6784121292774595e-06,2.6421473316948105e-06,2.6602797306771907e-06,0.20965306120898863,16.713569781720125,16.713569781720125,16.713569781720125,,0.8523165740389805,0.22723010460997417,52.86202457229602,16.713569781720125,0.4047524832766526,0.4804228836676774,28.45757938761896,8.356784890860062,0.5186702485266305,1.2630138096786243,68.20005563342717,25.070354672580187,0.8018319483859287,0.09041237140164161,108.49126310241594,33.42713956344025,nan,nan,nan,16.713569781720125,nan,nan,nan,25.070354672580187
SXS,SXS:BBH:2595,a,False,40.0,1.0000000894069712,20.00000089406967,19.99999910593033,-9.298503373701776e-07,-1.0550286437242194e-06,-9.924394877492453e-07,0.21050258071181494,27.494334657545192,27.494334657545192,27.494334657545192,,0.927343594626734,2.218893966621405,61.83794202427105,27.494334657545192,0.4152593269341372,2.128015221686621,34.77914479834961,13.747167328772596,0.4668102774824724,1.2589355249269554,76.2848823901651,41.241501986317786,0.8728527391038865,2.261672193087318,126.5538605601247,54.988669315090384,nan,nan,nan,27.494334657545192,nan,nan,nan,41.241501986317786
SXS,SXS:BBH:2596,a,False,40.0,1.0,20.0,20.0,-1.7875256463698105e-07,-1.4974837466752478e-07,-1.6425046965225292e-07,0.2093207109135685,19.110952250560455,19.110952250560455,19.110952250560455,,0.8460284074112007,0.1444490301920324,62.195257547574656,19.110952250560455,0.24567552836142809,0.5172013606479284,32.854988868382115,9.555476125280228,0.5806974234671404,1.3022478283546581,78.84166990993414,28.66642837584068,0.7835455633195954,0.019806343586769876,128.34995380060892,38.22190450112091,nan,nan,nan,19.110952250560455,nan,nan,nan,28.66642837584068
SXS,SXS:BBH:2597,a,False,40.0,1.0000000298023228,20.000000298023224,19.999999701976776,1.238561659987412e-06,1.21771349412032e-06,1.228137577209197e-06,0.20968641410625372,16.695050582993662,16.695050582993662,16.695050582993662,,0.8530477359696121,0.08499732943368273,58.38596452067537,16.695050582993662,0.419052044396123,0.7480220839127832,36.704396744495924,8.347525291496831,0.3958145106791098,1.1572778969670092,76.01194900202505,25.042575874490495,0.8060176716383813,0.0666921062674475,118.59728376979662,33.390101165987325,nan,nan,nan,16.695050582993662,nan,nan,nan,25.042575874490495
SXS,SXS:BBH:2599,a,False,40.0,1.000000107453807,20.000001074538012,19.999998925461988,-2.3714834472811364e-06,-2.460033347998919e-06,-2.4157583952612717e-06,0.20538209980343136,20.587357349855807,20.587357349855807,20.587357349855807,,0.8309041292908144,0.4267271111931036,66.51759066804296,20.587357349855807,0.4156455025625554,1.2180184043840085,42.175964690561315,10.293678674927904,0.3177993154486605,0.6345888317417917,85.37708907723459,30.88103602478371,0.783823517489562,0.5464017214992736,136.9056635425281,41.174714699711615,nan,nan,nan,20.587357349855807,nan,nan,nan,30.88103602478371
SXS,SXS:BBH:2600,a,False,40.0,1.0000000298023228,20.000000298023224,19.999999701976776,-5.699637705433519e-07,-4.869448486625004e-07,-5.284543102214653e-07,0.2100244554641256,27.25255165628858,27.25255165628858,27.25255165628858,,0.8958624179630897,2.0518677906584784,59.396963547613716,27.25255165628858,0.24709490410002513,1.827055415699562,32.43021760685999,13.62627582814429,0.4085719358082461,1.1661190926850984,76.12906941514305,40.878827484432875,0.8277878624085739,2.0313426711988503,122.65373513185399,54.50510331257716,nan,nan,nan,27.25255165628858,nan,nan,nan,40.878827484432875
SXS,SXS:BBH:2601,a,False,40.0,1.0,20.0,20.0,-5.428993046435599e-07,-5.347700265105563e-07,-5.38834665577058e-07,0.25007679642389685,18.271647439399523,18.271647439399523,18.271647439399523,,0.8235563052698535,0.17286989156567592,61.78618670018068,18.271647439399523,0.20199923701158184,0.5078122886833081,38.06652128483515,9.135823719699761,0.5611166787976364,1.5648503938836438,77.2375428094515,27.407471159099284,0.7669794650661391,0.04628736955656883,127.5370118004303,36.543294878799045,nan,nan,nan,18.271647439399523,nan,nan,nan,27.407471159099284
SXS,SXS:BBH:2602,a,False,40.0,1.0,20.0,20.0,-5.171238891001145e-08,-4.6408376877397346e-08,-4.9060382893704396e-08,0.27327287261872374,25.44757450902494,25.44757450902494,25.44757450902494,,0.8075922945369285,1.4171014162675015,58.10490430531499,25.44757450902494,0.15621694060424948,1.4402748391616988,32.43496523770746,12.72378725451247,0.38037665521265523,0.6152737980637322,74.27311010483652,38.171361763537405,0.7551701059043611,1.5217580788158933,120.08371346039355,50.89514901804988,nan,nan,nan,25.44757450902494,nan,nan,nan,38.171361763537405
SXS,SXS:BBH:2603,a,False,40.0,1.0000000894069712,20.00000089406967,19.99999910593033,-1.9970219709275735e-06,-2.0652113936485823e-06,-2.0311166807639257e-06,0.2833012706217081,21.738760218727503,21.738760218727503,21.738760218727503,,0.770536667758665,0.8456668683678701,65.8648915933612,21.738760218727503,0.45016544732325037,1.7222788604990789,42.706147736121636,10.869380109363751,0.2783932803529308,0.11745838139774938,84.42181172836816,32.60814032809125,0.717780160197386,0.9522124518857245,135.54117230368468,43.477520437455006,nan,nan,nan,21.738760218727503,nan,nan,nan,32.60814032809125
SXS,SXS:BBH:2604,a,False,40.0,1.000000098843126,20.00000098843121,19.99999901156879,-1.7430916998263657e-06,-1.738306551195916e-06,-1.7406991256293853e-06,0.2565002471917144,30.95345578413021,30.95345578413021,30.95345578413021,,0.8791061582340421,2.6575889871336447,58.92225211697013,30.95345578413021,0.34200636153965874,2.353883385996132,31.9811785055559,15.476727892065105,0.36517503641692056,1.6400568607697021,70.36756353918362,46.43018367619531,0.8158041495432963,2.6588844864137444,119.6202543981382,61.90691156826042,nan,nan,nan,30.95345578413021,nan,nan,nan,46.43018367619531
SXS,SXS:BBH:2605,a,False,40.0,1.0000002107342647,20.000002107342425,19.999997892657575,-8.00703624062166e-07,-7.338361992540839e-07,-7.672699151809389e-07,0.2824525812320315,14.737872630267391,14.737872630267391,14.737872630267391,,0.7807324908269658,0.29305658081217134,61.30202921932768,14.737872630267391,0.42034874917922554,0.6504704724210236,31.5602238180405,7.368936315133696,0.35732722843672954,0.8274634522546066,85.2619264516132,22.106808945401088,0.7369549372180961,0.11077603097143172,126.59487826094514,29.475745260534783,nan,nan,nan,14.737872630267391,nan,nan,nan,22.106808945401088
SXS,SXS:BBH:2606,a,False,40.0,1.0000000210734246,20.000000210734243,19.999999789265757,-2.672709111246562e-08,-4.409516349779368e-08,-3.5411127213628455e-08,0.2974435902538278,13.540713307524985,13.540713307524985,13.540713307524985,,0.7412851091381876,0.27083269314824826,62.55630975364681,13.540713307524985,0.2959769121512272,0.2674563339105364,34.40863795476966,6.770356653762493,0.26680508464141345,1.1222804214674686,82.83249143423429,20.31106996128748,0.7007596814175074,0.10119319303111825,128.9332631874529,27.08142661504997,nan,nan,nan,13.540713307524985,nan,nan,nan,20.31106996128748
SXS,SXS:BBH:2607,a,False,40.0,1.0,20.0,20.0,-1.2292376546737245e-06,-1.1632345850155504e-06,-1.1962361198446375e-06,0.30975479688305557,24.516205034284187,24.516205034284187,24.516205034284187,,0.743172189065546,1.6540556506138924,65.15110120470659,24.516205034284187,0.20480787885757046,1.9700603220261728,39.33250343493461,12.258102517142094,0.4773922002096726,0.7151484783772799,81.24754846749809,36.77430755142628,0.6957523680567621,1.7917689645843937,134.29745618744212,49.032410068568375,nan,nan,nan,24.516205034284187,nan,nan,nan,36.77430755142628
SXS,SXS:BBH:2608,a,False,40.0,1.0000000730004854,20.000000730004828,19.999999269995172,-2.27502656650246e-06,-2.2575433643839835e-06,-2.2662849657622926e-06,0.30632252133275073,20.083760937261072,20.083760937261072,20.083760937261072,,0.6966883301884264,0.3181272971629505,58.22582662945991,20.083760937261072,0.35832076580342,0.8105738140133578,38.84504632649391,10.041880468630536,0.21752893176452157,1.7918918116294458,71.98123704368103,30.125641405891606,0.6502536500208685,0.2945678035508758,118.30582710531485,40.167521874522144,nan,nan,nan,20.083760937261072,nan,nan,nan,30.125641405891606
SXS,SXS:BBH:2609,a,False,40.0,1.0,20.0,20.0,-7.76335163061198e-07,-7.624967445377638e-07,-7.694159537994809e-07,0.3077353816544931,27.598387156291228,27.598387156291228,27.598387156291228,,0.7461525026029127,2.1159932032993023,60.310973437763984,27.598387156291228,0.2640377133305532,2.066566761048682,34.27231097243392,13.799193578145614,0.5978146735451416,0.9104427860831077,70.16735251140194,41.39758073443684,0.7008188977699257,2.2015634967475513,124.69014365338158,55.196774312582455,nan,nan,nan,27.598387156291228,nan,nan,nan,41.39758073443684
SXS,SXS:BBH:2610,a,False,40.0,1.0,20.0,20.0,3.871516428069512e-07,3.230885140512008e-07,3.5512007842907596e-07,0.3074900791916826,14.050238418999939,14.050238418999939,14.050238418999939,,0.6840028634060557,0.3293059421046814,55.40221374011469,14.050238418999939,0.29232446231239245,0.47154223642799203,35.02850564657629,7.0251192094999695,0.10254629455672626,0.8592282546499451,78.03229315038185,21.07535762849991,0.6585909732328306,0.3088443446470116,112.58249553967944,28.100476837999878,nan,nan,nan,14.050238418999939,nan,nan,nan,21.07535762849991
SXS,SXS:BBH:2611,a,False,40.0,1.0000001332800463,20.000001332800377,19.999998667199627,-2.4007659393586517e-06,-2.4076778336739496e-06,-2.4042218862859966e-06,0.3069196845786927,19.1458721312061,19.1458721312061,19.1458721312061,,0.7081164733994526,0.3102510840529026,58.15749514552537,19.1458721312061,0.35320425369760505,0.06428926874647917,33.605264907078045,9.57293606560305,0.22969921799133122,1.8324236078122929,71.84080835066162,28.71880819680915,0.6573384258685827,0.2861561475218082,118.18054011673952,38.2917442624122,nan,nan,nan,19.1458721312061,nan,nan,nan,28.71880819680915
SXS,SXS:BBH:2612,a,False,40.0,1.0000000516191376,20.000000516191363,19.999999483808637,-2.029051354852413e-06,-2.2387556940425232e-06,-2.1339035217412787e-06,0.3062990928940375,20.021227097874384,20.021227097874384,20.021227097874384,,0.7363181806786503,0.2756260471471627,59.927047683544885,20.021227097874384,0.32917612039744665,0.547219937607367,37.270842546637866,10.010613548937192,0.20257996842179782,1.6941250243586432,74.49611427814527,30.031840646811574,0.7039592266152631,0.19346200187951096,123.80414285872062,40.04245419574877,nan,nan,nan,20.021227097874384,nan,nan,nan,30.031840646811574
SXS,SXS:BBH:2613,a,False,40.0,1.0001913939394627,20.001913756253952,19.998086243746048,-1.198502551106146e-06,1.3007008290690404e-06,5.09795673289795e-08,0.20986780242016895,29.22345971389275,29.22345971389275,29.22345971389275,,0.9104725270451545,2.405877482947496,59.95857613180033,29.22345971389275,0.5507690586601901,3.071228346502595,41.07990644524722,14.611729856946376,0.6544755040766583,1.955996516123434,81.31338709540736,43.83518957083913,0.8596405375796441,2.529808097903348,123.87662811565535,58.4469194277855,nan,nan,nan,29.22345971389275,nan,nan,nan,43.83518957083913
SXS,SXS:BBH:2614,a,False,40.0,1.0000000210734246,20.000000210734243,19.999999789265757,-2.0147107466610086e-06,-2.0184461260224814e-06,-2.0165784363220657e-06,0.2097905336595492,27.858346275160574,27.858346275160574,27.858346275160574,,0.9066609973692523,2.23787221354226,62.12804954021585,27.858346275160574,0.3299870122277627,2.155025008631939,33.48466792982397,13.929173137580287,0.47929996744383213,1.2710051616546365,75.21499776247386,41.78751941274086,0.846244007105945,2.297869729514591,126.12673068888381,55.71669255032115,nan,nan,nan,27.858346275160574,nan,nan,nan,41.78751941274086
SXS,SXS:BBH:2615,a,False,40.0,1.0000000421468493,20.000000421468485,19.999999578531515,-9.81541309570099e-07,-9.984626309791792e-07,-9.900019700963439e-07,0.28782230452675456,12.438958904406565,12.438958904406565,12.438958904406565,,0.776765674154323,0.28887108738378103,63.581452095472365,12.438958904406565,0.5017421801177246,0.6678137956426159,40.8399824190746,6.219479452203283,0.36197792425196545,1.8378376106408834,76.98682888754115,18.65843835660985,0.7348557246062986,0.14747665541636457,130.4515600989088,24.87791780881313,nan,nan,nan,12.438958904406565,nan,nan,nan,18.65843835660985
SXS,SXS:BBH:2616,a,False,40.0,1.0000000210734246,20.000000210734243,19.999999789265757,-9.467018571048546e-07,-9.494762656542348e-07,-9.48089061364928e-07,0.28606542091187054,14.403617168507408,14.403617168507408,14.403617168507408,,0.7848145443301299,0.29953845614693386,63.94792236979266,14.403617168507408,0.4722656633634857,0.734293435043665,42.173941258948076,7.201808584253704,0.35654726321999175,1.3979845554404957,81.58993649824569,21.60542575276111,0.747741390213961,0.12173514314663358,131.9409055769465,28.807234337014815,nan,nan,nan,14.403617168507408,nan,nan,nan,21.60542575276111
SXS,SXS:BBH:3934,a,False,40.0,1.9999897380367266,26.666621057784994,13.333378942215004,-1.0482627435931502e-07,-2.0548178319770418e-07,-1.3837822540840786e-07,0.709288642426553,4.990852703969704,4.990852703969704,4.990852703969704,,0.38346890598714617,2.273547655050873,72.19666581128159,4.990852703969704,0.9115291105722954,1.3631121616363662,43.064268669022894,2.495426351984852,0.3643786008301723,1.7401578722852236,116.0795201865611,7.486279055954556,0.3687908052541405,2.148106503953875,146.91482240720237,9.981705407939408,nan,nan,nan,4.990852703969704,nan,nan,nan,7.486279055954556
SXS,SXS:BBH:3935,a,False,40.0,1.9999339255721944,26.666372996075047,13.333627003924953,1.7008665358264547e-07,-2.692207373556111e-07,2.364763131169162e-08,0.7094635962334517,4.433046010038886,4.433046010038886,4.433046010038886,,0.350897273493621,2.302889312907189,71.76234364601841,4.433046010038886,0.9064356525752169,1.3358572287937611,43.112614022954745,2.216523005019443,0.3378743567734668,1.7004408114742158,116.35435947247791,6.649569015058329,0.3575201741088555,2.1585068620353622,147.09650569279924,8.866092020077772,nan,nan,nan,4.433046010038886,nan,nan,nan,6.649569015058329
SXS,SXS:BBH:3933,a,False,40.0,1.999995481300335,26.666646583526795,13.333353416473205,9.816913244901554e-10,-2.7300935169785457e-07,-9.034879391463577e-08,0.709066914655332,3.886248163099249,3.886248163099249,3.886248163099249,,0.3688522876867366,2.1792713560160037,72.0929538846326,3.886248163099249,0.9130898065707233,1.0798074142016154,44.199431083488676,1.9431240815496245,0.3616397026132188,1.5837484712279792,116.92225432771022,5.829372244648873,0.3648467254332578,2.096637786896238,146.73302133819638,7.772496326198498,nan,nan,nan,3.886248163099249,nan,nan,nan,5.829372244648873
SXS,SXS:BBH:3936,a,False,40.0,1.9999156063708283,26.666291573318517,13.333708426681481,3.09568877344862e-07,-1.4675185857715198e-07,1.5745768629904067e-07,0.701827860307152,4.323899686921264,4.323899686921264,4.323899686921264,,0.334141944663536,2.351939901580411,71.0705875595003,4.323899686921264,0.8878246518356446,1.320661897461686,43.03743545392107,2.161949843460632,0.29386179002847984,1.8020971722076178,114.43626664057649,6.485849530381896,0.33583793935788536,2.197367501502408,145.84386604042953,8.647799373842528,nan,nan,nan,4.323899686921264,nan,nan,nan,6.485849530381896
SXS,SXS:BBH:3945,a,False,40.0,2.0000261585664614,26.666782925948326,13.333217074051674,-6.939289226155674e-08,-2.8853864028834257e-07,-1.4244083799397092e-07,0.7020862729830903,5.293284628417446,5.293284628417446,5.293284628417446,,0.3394862679282062,2.0869417519200897,66.50012851233842,5.293284628417446,0.8929382355926228,1.2142982679617667,39.84059606027279,2.646642314208723,0.2930273739365725,1.3831559521061338,110.33924710168917,7.939926942626169,0.3614185755681917,2.021344205971088,136.69956330660173,10.586569256834892,nan,nan,nan,5.293284628417446,nan,nan,nan,7.939926942626169
SXS,SXS:BBH:3937,a,False,40.0,1.9999289671670741,26.666350957711764,13.333649042288238,3.3756392285257837e-07,-1.7525222697295685e-07,1.6662115872779864e-07,0.7018940549582008,3.5050749082517845,3.5050749082517845,3.5050749082517845,,0.4045899260490117,2.4682133284704353,70.31613533798507,3.5050749082517845,0.9073488154325884,1.2058629326124497,42.969054779102564,1.7525374541258922,0.36268396729609825,1.8449980363060121,113.36578988560059,5.257612362377676,0.36549963691650833,2.1798580602597157,144.31088756489265,7.010149816503569,nan,nan,nan,3.5050749082517845,nan,nan,nan,5.257612362377676
SXS,SXS:BBH:3946,a,False,40.0,2.0002627311181804,26.66783425827103,13.332165741728968,7.513428473929909e-08,-2.1380012924884133e-07,-2.1168752655181443e-08,0.7021043314771951,18.096856519918582,18.096856519918582,18.096856519918582,,0.3308552705798031,1.4832700588062189,66.33929777607469,18.096856519918582,0.8848788150303705,0.6754840112875772,39.728882184733536,9.048428259959291,0.26997223160528794,0.9170562491426728,108.20678334133886,27.145284779877873,0.3504894835154397,1.377443059575507,135.3316628938323,36.193713039837164,nan,nan,nan,18.096856519918582,nan,nan,nan,27.145284779877873
SXS,SXS:BBH:3938,a,False,40.0,1.999941777132953,26.666407893346506,13.333592106653494,3.500023082610253e-07,-1.446013634884529e-07,1.8513121792200834e-07,0.7018742452461156,3.4321019415254788,3.4321019415254788,3.4321019415254788,,0.3390960971429432,2.4853253249687404,68.64565681121867,3.4321019415254788,0.8813056691153014,1.3959889624376678,41.84800512913575,1.7160509707627394,0.2778898607444751,1.905136074008631,110.83766431146009,5.148152912288218,0.3472234447781695,2.3396260317630015,139.97604258948684,6.8642038830509575,nan,nan,nan,3.4321019415254788,nan,nan,nan,5.148152912288218
SXS,SXS:BBH:3948,a,False,40.0,2.000062957864921,26.666946473527634,13.333053526472366,3.1787642522746236e-08,-2.970982529121465e-07,-7.783868867563421e-08,0.7019809968417884,5.109744917796744,5.109744917796744,5.109744917796744,,0.3219900494564241,2.4480180253200756,57.233750470694986,5.109744917796744,0.8885348598093374,1.3848952763893936,35.24409056301133,2.554872458898372,0.3007060281304055,1.7215433199957026,92.65831270056276,7.664617376695116,0.3592035733809891,2.0324032938263326,119.05593641338803,10.219489835593487,nan,nan,nan,5.109744917796744,nan,nan,nan,7.664617376695116
SXS,SXS:BBH:3947,a,False,40.0,2.000121449159519,26.667206418858157,13.332793581141843,2.0335555652183393e-07,-3.162541442223133e-07,3.0159334452318915e-08,0.7019601623086705,5.018056392443286,5.018056392443286,5.018056392443286,,0.3260773010692388,2.4223059213171614,57.26037969866195,5.018056392443286,0.8880301863191569,0.9997605761942161,36.160028621806134,2.509028196221643,0.2985473918703937,1.683707837572958,93.65359968661389,7.52708458866493,0.35204763994141364,2.13767241166102,118.01930632909962,10.036112784886573,nan,nan,nan,5.018056392443286,nan,nan,nan,7.52708458866493
SXS,SXS:BBH:3949,a,False,40.0,2.0000393675952663,26.66684163146076,13.333158368539241,3.9523687910525756e-08,-2.848798254541172e-07,-6.860939756450725e-08,0.7019930599559867,6.070996808606373,6.070996808606373,6.070996808606373,,0.3047954616102104,2.2441330780901536,57.1331704059989,6.070996808606373,0.884842304320398,1.3147402230097203,35.15862731092934,3.0354984043031865,0.2967674845358803,1.6760689712924843,92.80044898229482,9.106495212909559,0.37718005171644586,2.0485371069067444,118.83489981220839,12.141993617212746,nan,nan,nan,6.070996808606373,nan,nan,nan,9.106495212909559
SXS,SXS:BBH:3952,a,False,40.0,2.0000044791160465,26.666686573819373,13.333313426180627,1.5590148028613933e-07,-5.80656385328251e-08,8.457921383338722e-08,0.7020683673597172,5.268189233953846,5.268189233953846,5.268189233953846,,0.43054410378913005,2.155975860548229,68.12459467197054,5.268189233953846,0.907966578188201,1.102379760465737,41.68327073402923,2.634094616976923,0.37548975118691824,1.7342141374163038,107.36424893297423,7.902283850930769,0.3785756852644522,2.010086236697359,139.0254405610055,10.536378467907692,nan,nan,nan,5.268189233953846,nan,nan,nan,7.902283850930769
SXS,SXS:BBH:3951,a,False,40.0,1.9999136845116416,26.66628303123607,13.33371696876393,2.6373103072683873e-07,-2.3758813253697466e-07,9.661983487740764e-08,0.6117383085707073,4.371089911158939,4.371089911158939,4.371089911158939,,0.31986523536715855,2.4473427791655977,69.07601773218099,4.371089911158939,0.8938815495006475,1.4756656346891182,41.897262402232776,2.1855449555794695,0.2850139338274374,1.7013243391953372,113.48945941371562,6.556634866738408,0.3655867666040847,2.2498163018187243,141.71881848868463,8.742179822317878,nan,nan,nan,4.371089911158939,nan,nan,nan,6.556634866738408
SXS,SXS:BBH:3953,a,False,40.0,1.9999929872748887,26.66663549892665,13.333364501073351,2.332153683378688e-07,-1.686246784374525e-07,9.926837296827568e-08,0.7020079933910212,5.2951331718720756,5.2951331718720756,5.2951331718720756,,0.3281002801772996,2.140692226520305,69.01824472096916,5.2951331718720756,0.8972977696934719,0.9956277850582682,42.74023614804854,2.6475665859360378,0.3096473435021898,1.7847129448742212,108.67708602897393,7.942699757808113,0.3626054397341751,2.108129502257838,139.6959212197626,10.590266343744151,nan,nan,nan,5.2951331718720756,nan,nan,nan,7.942699757808113
SXS,SXS:BBH:3954,a,False,40.0,1.9999948799523941,26.666643910860692,13.333356089139308,2.2051561326063615e-07,-1.3364525161203153e-07,1.0246179015601546e-07,0.7020191628856284,5.133057376912357,5.133057376912357,5.133057376912357,,0.4228200561804222,2.1603631937426937,70.28287489809944,5.133057376912357,0.9144462839860704,1.136483794860831,42.739945383303976,2.5665286884561787,0.3896728174485889,1.8225869131002386,109.62140109606734,7.6995860653685355,0.38081177451437404,2.017765068395819,143.35954225410407,10.266114753824715,nan,nan,nan,5.133057376912357,nan,nan,nan,7.6995860653685355
SXS,SXS:BBH:3950,a,False,40.0,1.9999915991639274,26.6666293295129,13.3333706704871,1.7828728639769525e-07,-7.368524871858657e-08,9.429620616050244e-08,0.6099157848708329,3.4530925167078648,3.4530925167078648,3.4530925167078648,,0.3157745480412063,2.5372795937456623,69.10586532317075,3.4530925167078648,0.8949089420721079,1.6811034983031623,40.82862692364768,1.7265462583539324,0.2848951359455599,1.7715825276072081,112.53540818324724,5.179638775061797,0.3674228959975703,2.2456100869893474,141.83386422433682,6.9061850334157295,nan,nan,nan,3.4530925167078648,nan,nan,nan,5.179638775061797
SXS,SXS:BBH:3955,a,False,40.0,1.999997523592221,26.666655660400785,13.333344339599215,1.54514430989155e-07,4.3716757841330085e-08,1.1758184278649713e-07,0.7018820252989088,2.333408363521135,2.333408363521135,2.333408363521135,,0.3953204281009805,2.1673529368680717,70.88197048648458,2.333408363521135,0.8921607192392216,1.0247200128932197,43.77361319633031,1.1667041817605674,0.3052181979781278,1.798748087348877,112.53044183855482,3.500112545281702,0.33533029519500923,2.112207323187838,144.566751525713,4.66681672704227,nan,nan,nan,2.333408363521135,nan,nan,nan,3.500112545281702
SXS,SXS:BBH:3956,a,False,40.0,1.9999958188833498,26.6666480839001,13.3333519160999,5.6119944184991093e-08,-2.5170190275142727e-09,3.657426253989765e-08,0.7018697455256204,2.2148958382752912,2.2148958382752912,2.2148958382752912,,0.3623814365847436,2.2193256989469163,71.95912659339052,2.2148958382752912,0.910491425034398,1.176194767330783,43.74559078582774,1.1074479191376456,0.3550967785648652,1.870990908644158,113.12538136095533,3.322343757412937,0.3668314699518748,2.1327709827603325,146.51885678066532,4.4297916765505825,nan,nan,nan,2.2148958382752912,nan,nan,nan,3.322343757412937
SXS,SXS:BBH:3957,a,False,40.0,1.9999913226978756,26.6666281007679,13.333371899232102,3.741353884654087e-08,-1.9742698109626134e-08,1.8361404754110658e-08,0.7019078864072461,2.215928588048685,2.215928588048685,2.215928588048685,,0.35910203951438135,2.3591179237316204,71.83772736574319,2.215928588048685,0.9076544489978615,1.2257674931184512,43.63837834865939,1.1079642940243426,0.35040460278787944,1.8484425201408838,113.94210490324153,3.323892882073028,0.3677221799462545,2.2292780826804006,146.23656549473418,4.43185717609737,nan,nan,nan,2.215928588048685,nan,nan,nan,3.323892882073028
SXS,SXS:BBH:3971,a,False,40.0,1.0000000596046466,20.000000596046448,19.999999403953552,-2.5225718023207644e-07,-2.8562155133764226e-07,-2.689393652876915e-07,0.04069002102784464,23.96593083962356,23.96593083962356,23.96593083962356,,0.9957926242335675,0.08776519882102447,47.22157841127058,23.96593083962356,0.667336533218891,0.17936028968231912,28.500541523425394,11.98296541981178,0.7804652571688001,1.0773928194973723,61.52129209404188,35.948896259435344,0.9869781676498741,0.12413917916802505,99.22818589094295,47.93186167924712,nan,nan,nan,23.96593083962356,nan,nan,nan,35.948896259435344
SXS,SXS:BBH:3972,a,False,40.0,1.0,20.0,20.0,-2.0789851414027086e-08,-2.3884696762973587e-08,-2.2337274088500336e-08,0.4031879890579376,18.60206753733431,18.60206753733431,18.60206753733431,,0.5794298403994412,0.8592833907768572,64.012259689104,18.60206753733431,0.25890822405726355,1.4556144998268545,51.579747309819076,9.301033768667155,0.5497071397797215,5.376867916071946,58.41005820701096,27.903101306001467,0.566363547606993,0.7324304298402735,130.79075033704146,37.20413507466862,nan,nan,nan,18.60206753733431,nan,nan,nan,27.903101306001467
SXS,SXS:BBH:3958,a,False,40.0,1.9999938550244714,26.666639355608375,13.333360644391625,3.8679319630631314e-07,-2.1262827184495236e-07,1.8698563098502487e-07,0.7018286984705052,4.082977279617286,4.082977279617286,4.082977279617286,,0.3834841522859267,2.2877209763032327,70.76263482995195,4.082977279617286,0.8918725370530914,1.3306804051547918,42.50774615566825,2.041488639808643,0.30953574834023895,2.0322012517785333,111.48136043676104,6.12446591942593,0.3289666292370985,2.3048458336329576,143.07269740526408,8.165954559234573,nan,nan,nan,4.082977279617286,nan,nan,nan,6.12446591942593
SXS,SXS:BBH:3959,a,False,40.0,2.000001678261471,26.666674125602366,13.333325874397634,7.50663497013882e-08,-7.264859562863325e-09,4.7622628632550927e-08,0.7018173213643318,2.015574288608054,2.015574288608054,2.015574288608054,,0.330125787194459,2.393267385945691,69.4172025200281,2.015574288608054,0.9016842711577628,1.3078942378243201,42.35835911643872,1.007787144304027,0.3041558445624489,2.078633983931403,109.35658855576843,3.023361432912081,0.35458614892100404,2.3484393866270863,141.3758353235107,4.031148577216108,nan,nan,nan,2.015574288608054,nan,nan,nan,3.023361432912081
SXS,SXS:BBH:0030,b,True,40.0,2.9999933777070225,29.999983444240147,10.000016555759853,2.89245176314e-07,5.03495783085e-07,3.4280791668378984e-07,0.0021213,28.669579692473167,28.669579692473167,28.669579692473167,,0.9903809430685361,0.5354000648428755,48.098553070418745,28.669579692473167,0.9951973216999129,1.1737370466841563,31.97269248222686,14.334789846236584,0.9902831510713892,0.8377134154000926,78.46089547045496,43.00436953870975,0.9863521740279471,0.7954195245590869,101.90002898993139,57.339159384946335,nan,nan,nan,28.669579692473167,nan,nan,nan,43.00436953870975
SXS,SXS:BBH:0007,b,True,40.0,1.499999279862951,23.99999539112156,16.00000460887844,8.64427645114e-08,1.55363889098e-07,1.1401122228726713e-07,0.0004338,19.85300997611571,19.85300997611571,19.85300997611571,,0.99363241519151,0.02630182854860973,66.7207027330671,19.85300997611571,0.9975687650799316,0.5990675381718251,40.89954955423575,9.926504988057856,0.9905435177710563,0.34729181862302855,107.96772256238074,29.779514964173565,0.9744957466498491,0.27130764186004136,141.09236143682526,39.70601995223142,nan,nan,nan,19.85300997611571,nan,nan,nan,29.779514964173565
SXS,SXS:BBH:0008,b,True,40.0,1.4999989750008744,23.999993440002907,16.000006559997093,1.47347113534e-07,2.36765414661e-07,1.831144486493949e-07,0.0015862,23.66387967394969,23.66387967394969,23.66387967394969,,0.9936513917117687,1.4804413680431943,66.7207027330671,23.66387967394969,0.9969205689333536,1.8280659747140442,40.89954955423575,11.831939836974845,0.989027680878675,1.8021676736613983,107.96772256238074,35.495819510924534,0.9744330667679615,1.696345310676524,141.09236143682526,47.32775934789938,nan,nan,nan,23.66387967394969,nan,nan,nan,35.495819510924534
SXS,SXS:BBH:0002,b,True,40.0,1.0,20.0,20.0,9.48400673307e-08,9.3147982293e-08,9.399402481185e-08,0.0001746,18.319632494566353,18.319632494566353,18.319632494566353,,0.9950005452453468,2.2452661571612444,115.14735571889221,18.319632494566353,0.34159609686269243,3.4696270228027473,91.56042688890668,9.159816247283176,0.38400257426188344,1.685617846699298,153.06284474412,27.47944874184953,0.903198157056822,1.9787590168615894,217.49579331293262,36.639264989132705,nan,nan,nan,18.319632494566353,nan,nan,nan,27.47944874184953
SXS,SXS:BBH:0001,b,True,40.0,1.0,20.0,20.0,1.20930921804e-07,1.22196915414e-07,1.2156391860900002e-07,0.0002569,19.832454321972126,19.832454321972126,19.832454321972126,,0.9946313586554434,2.7363644321634744,115.14735571889221,19.832454321972126,0.3413528978145492,3.812743886751143,91.56042688890668,9.916227160986063,0.3841618018947687,2.2192640697907593,153.06284474412,29.74868148295819,0.902302084584997,2.498756823745642,217.49579331293262,39.66490864394425,nan,nan,nan,19.832454321972126,nan,nan,nan,29.74868148295819
SXS,SXS:BBH:0066,b,True,40.0,1.0,20.0,20.0,1.20916716917e-07,1.2219203119e-07,1.215543740535e-07,6.43e-05,19.8456914395045,19.8456914395045,19.8456914395045,,0.9951316373301619,2.7363644321634744,115.14735571889221,19.8456914395045,0.34095398281290323,3.812743886751143,91.56042688890668,9.92284571975225,0.3839906087702738,2.260313779259333,153.06284474412,29.76853715925675,0.9027567816886498,2.498756823745642,217.49579331293262,39.691382879009,nan,nan,nan,19.8456914395045,nan,nan,nan,29.76853715925675
SXS,SXS:BBH:0067,b,True,40.0,1.0,20.0,20.0,1.2089943421e-07,1.22175940602e-07,1.21537687406e-07,0.0002365,19.832269025436574,19.832269025436574,19.832269025436574,,0.9953973247707383,2.7363644321634744,115.14735571889221,19.832269025436574,0.3413568183394204,3.812743886751143,91.56042688890668,9.916134512718287,0.38395194101557273,2.2192640697907593,153.06284474412,29.74840353815486,0.9028548324134394,2.498756823745642,217.49579331293262,39.66453805087315,nan,nan,nan,19.832269025436574,nan,nan,nan,29.74840353815486
SXS,SXS:BBH:0068,b,True,40.0,1.0,20.0,20.0,1.20706276316e-07,1.2202822782e-07,1.2136725206799998e-07,0.0019465,19.698429263311773,19.698429263311773,19.698429263311773,,0.9947233601312259,2.6817979571632264,115.14735571889221,19.698429263311773,0.34083240646828816,3.812743886751143,91.56042688890668,9.849214631655887,0.384101375786261,2.178214360322185,153.06284474412,29.54764389496766,0.8991461632685924,2.440979289647414,217.49579331293262,39.39685852662355,nan,nan,nan,19.698429263311773,nan,nan,nan,29.54764389496766
SXS,SXS:BBH:0072,b,True,40.0,1.0,20.0,20.0,1.20945405263e-07,1.22204953013e-07,1.2157517913800003e-07,0.0001462,19.862106010938195,19.862106010938195,19.862106010938195,,0.9941579423936283,2.7363644321634744,115.14735571889221,19.862106010938195,0.3406325690924995,3.812743886751143,91.56042688890668,9.931053005469098,0.384120362361756,2.2192640697907593,153.06284474412,29.793159016407294,0.9016376847412005,2.498756823745642,217.49579331293262,39.72421202187639,nan,nan,nan,19.862106010938195,nan,nan,nan,29.793159016407294
SXS,SXS:BBH:0070,b,True,40.0,1.0000000210734246,20.000000210734243,19.999999789265757,1.20921763909e-07,1.22190264669e-07,1.2155601428231707e-07,4.59e-05,19.847183247524587,19.847183247524587,19.847183247524587,,0.9950038486728198,2.7363644321634744,115.14735571889221,19.847183247524587,0.3445639767350749,3.812743886751143,91.56042688890668,9.923591623762293,0.2940635370007714,2.260313779259333,153.06284474412,29.770774871286882,0.9001139547631282,2.498756823745642,217.49579331293262,39.694366495049174,nan,nan,nan,19.847183247524587,nan,nan,nan,29.770774871286882
SXS,SXS:BBH:0071,b,True,40.0,1.0000000210734246,20.000000210734243,19.999999789265757,1.20918013158e-07,1.22196547736e-07,1.2155728044026424e-07,6.1e-05,19.848675141011253,19.848675141011253,19.848675141011253,,0.9945069860259055,2.7363644321634744,115.14735571889221,19.848675141011253,0.34471169751801417,3.812743886751143,91.56042688890668,9.924337570505626,0.29346441269361634,2.2192640697907593,153.06284474412,29.773012711516877,0.9021432289231477,2.498756823745642,217.49579331293262,39.697350282022505,nan,nan,nan,19.848675141011253,nan,nan,nan,29.773012711516877
SXS,SXS:BBH:0073,b,True,40.0,1.0,20.0,20.0,1.21129378948e-07,1.22351538718e-07,1.21740458833e-07,0.001877,19.996791590322527,19.996791590322527,19.996791590322527,,0.9943854223115479,2.790930907163722,115.14735571889221,19.996791590322527,0.3425551225676302,3.812743886751143,91.56042688890668,9.998395795161263,0.38413265971692034,2.301363488727907,153.06284474412,29.99518738548379,0.9019247203770582,2.527645590794756,217.49579331293262,39.993583180645054,nan,nan,nan,19.996791590322527,nan,nan,nan,29.99518738548379
SXS,SXS:BBH:0086,b,True,40.0,1.0,20.0,20.0,1.2097214812e-07,1.22275004135e-07,1.2162357612749998e-07,0.0011708,19.77131237309693,19.77131237309693,19.77131237309693,,0.9947882918981377,2.6817979571632264,115.14735571889221,19.77131237309693,0.34290456576539596,3.812743886751143,91.56042688890668,9.885656186548465,0.38406715424471266,2.2192640697907593,153.06284474412,29.656968559645392,0.899125381976455,2.440979289647414,217.49579331293262,39.54262474619386,nan,nan,nan,19.77131237309693,nan,nan,nan,29.656968559645392
SXS,SXS:BBH:0090,b,True,40.0,1.0000000210734246,20.000000210734243,19.999999789265757,9.65992042856e-08,9.51495038723e-08,9.587435408658754e-08,0.0010254,18.28566122361306,18.28566122361306,18.28566122361306,,0.9955110136406837,2.2452661571612444,115.14735571889221,18.28566122361306,0.34296033075045596,3.4696270228027473,91.56042688890668,9.14283061180653,0.29228020808434974,1.726667556167872,153.06284474412,27.428491835419592,0.9032491118564092,1.9498702498124754,217.49579331293262,36.57132244722612,nan,nan,nan,18.28566122361306,nan,nan,nan,27.428491835419592
SXS,SXS:BBH:0093,b,True,40.0,1.4999992037617529,23.999994904073596,16.000005095926404,8.73368059775e-08,1.65985068421e-07,1.1879612097454392e-07,0.0023821,20.01052632880882,20.01052632880882,20.01052632880882,,0.9939980253328808,0.06786962123837803,66.7207027330671,20.01052632880882,0.9977033209476291,0.7526923427396025,40.89954955423575,10.00526316440441,0.9906076040722638,0.4054868528245633,107.96772256238074,30.015789493213227,0.9700739674413966,0.36037249616107153,141.09236143682526,40.02105265761764,nan,nan,nan,20.01052632880882,nan,nan,nan,30.015789493213227
SXS,SXS:BBH:0167,b,True,40.0,3.999987396038607,31.999979833610936,8.000020166389064,5.30633250376e-07,6.7025802519e-07,5.585582757319883e-07,9.5e-05,33.18306073942374,33.18306073942374,33.18306073942374,,0.9902022269632967,1.2589647267534834,47.52200621983344,33.18306073942374,0.9956474520982623,1.5462675335985876,29.18143893670594,16.59153036971187,0.9868820475287813,1.532502272925452,76.70996890105745,49.774591109135606,0.9880712365683679,1.5711767846451372,101.34151520778725,66.36612147884748,nan,nan,nan,33.18306073942374,nan,nan,nan,49.774591109135606
SXS,SXS:BBH:0168,b,True,40.0,2.9999922411165167,29.999980602753666,10.000019397246334,5.13207801879e-07,6.50170356391e-07,5.474485069244102e-07,8.7e-05,32.01585238584235,32.01585238584235,32.01585238584235,,0.9914801277320612,1.5804519270859128,48.098553070418745,32.01585238584235,0.9943451692587764,1.9598060098372998,31.97269248222686,16.007926192921175,0.9911989922981809,1.7986790433611775,78.46089547045496,48.023778578763526,0.9862586435393408,1.720323869944563,101.90002898993139,64.0317047716847,nan,nan,nan,32.01585238584235,nan,nan,nan,48.023778578763526
SXS,SXS:BBH:0169,b,True,40.0,1.9999969252812562,26.66665300123602,13.333346998763979,2.49131120301e-07,5.29196403758e-07,3.4248631046698435e-07,0.0001,29.069905688436265,29.069905688436265,29.069905688436265,,0.9921288944785176,1.225898624537642,49.696097543730566,29.069905688436265,0.98168715589999,2.1679442663660917,35.11659721311571,14.534952844218132,0.9898836234503993,1.5962253298003568,80.434038321269,43.6048585326544,0.9821187373524992,1.4353836318467372,102.39107795867206,58.13981137687253,nan,nan,nan,29.069905688436265,nan,nan,nan,43.6048585326544
SXS,SXS:BBH:0182,b,True,40.0,3.999976592419798,31.99996254769634,8.000037452303657,1.19525990708e-05,-1.50504134191e-05,6.551971289694413e-06,6.8e-05,33.560804044392775,33.560804044392775,33.560804044392775,,0.9890692193968987,1.5233973888811732,47.52200621983344,33.560804044392775,0.9971730352523263,1.5462675335985876,29.18143893670594,16.780402022196387,0.9903465263909038,1.6963189292790424,76.70996890105745,50.341206066589166,0.9929427100570661,1.633176896783748,101.34151520778725,67.12160808878555,nan,nan,nan,33.560804044392775,nan,nan,nan,50.341206066589166
SXS,SXS:BBH:0183,b,True,40.0,2.999989394283861,29.99997348563935,10.000026514360648,2.42207546884e-06,-1.56017535415e-07,1.7775505088640574e-06,6.3e-05,31.646569810841715,31.646569810841715,31.646569810841715,,0.9914205166106166,1.449820444305533,48.098553070418745,31.646569810841715,0.9954927553073322,1.9598060098372998,31.97269248222686,15.823284905420858,0.990800898490033,1.7185985743644203,78.46089547045496,47.469854716262574,0.9890646399280864,1.597003290559833,101.90002898993139,63.29313962168343,nan,nan,nan,31.646569810841715,nan,nan,nan,47.469854716262574
SXS,SXS:BBH:0180,b,True,40.0,1.0000000298023228,20.000000298023224,19.999999701976776,-3.67050658542e-09,-2.1572848954e-09,-2.9138957516843804e-09,5.11e-05,19.819052891482357,19.819052891482357,19.819052891482357,,0.9951312483216893,2.7363644321634744,115.14735571889221,19.819052891482357,0.3468173058266775,3.812743886751143,91.56042688890668,9.909526445741179,0.29398690164358854,2.260313779259333,153.06284474412,29.728579337223536,0.9028421170599993,2.498756823745642,217.49579331293262,39.638105782964715,nan,nan,nan,19.819052891482357,nan,nan,nan,29.728579337223536
SXS,SXS:BBH:0184,b,True,40.0,1.999980503567054,26.666580015290442,13.333419984709558,1.85749017003e-06,-9.30287910028e-06,-1.8626570966072445e-06,7.6e-05,29.778958584063112,29.778958584063112,29.778958584063112,,0.9891392227649516,1.605195125735788,49.696097543730566,29.778958584063112,0.9843202820001318,2.1679442663660917,35.11659721311571,14.889479292031556,0.9848701954892897,1.7524573290463308,80.434038321269,44.66843787609467,0.9841551728100845,1.6194773663530475,102.39107795867206,59.557917168126224,nan,nan,nan,29.778958584063112,nan,nan,nan,44.66843787609467
SXS,SXS:BBH:0191,b,True,40.0,2.5074046159884107,28.595555865536284,11.404444134463718,-4.65916814044e-05,6.04868629585e-05,-1.6062399474740304e-05,0.000758,25.126843684372503,25.126843684372503,25.126843684372503,,0.9514323615214088,0.04843492701222584,33.1645645651079,25.126843684372503,0.9487787789357756,0.13772505100316934,19.035205771307098,12.563421842186251,0.8951573015621984,0.5269430989102145,54.98572085106513,37.690265526558754,0.8327400094438725,0.0013873452158348933,69.35543799585959,50.253687368745005,nan,nan,nan,25.126843684372503,nan,nan,nan,37.690265526558754
SXS,SXS:BBH:0198,b,True,40.0,1.2024615600711004,21.838502553157518,18.161497446842482,-5.056455131847819e-05,8.534895378065982e-05,1.1145268077757007e-05,0.0002023,25.00810722955343,25.00810722955343,25.00810722955343,,0.992214743028154,0.5802652050387486,50.68044422045514,25.00810722955343,0.9707773669608397,0.7046475422145153,29.284164573132045,12.504053614776716,0.9858321811131522,0.06030183973671997,71.68801394782763,37.51216084433015,0.9873732030030303,0.26375407651964633,90.21305747009393,50.01621445910686,nan,nan,nan,25.00810722955343,nan,nan,nan,37.51216084433015
SXS,SXS:BBH:0193,b,True,40.0,3.4975871933782634,31.10634251651831,8.89365748348169,-5.86243045187e-05,-2.43295931047e-05,-5.099916909842585e-05,3.9e-05,28.79630578135896,28.79630578135896,28.79630578135896,,0.9929208678740373,1.6738119189808303,62.704081398622904,28.79630578135896,0.9592766452016576,2.3033230323813303,41.04735458338201,14.39815289067948,0.990680746824146,1.9300613739449455,101.03617040274682,43.19445867203844,0.9856708129209376,1.8229410058940079,129.6012077396542,57.59261156271792,nan,nan,nan,28.79630578135896,nan,nan,nan,43.19445867203844
SXS,SXS:BBH:0194,b,True,40.0,1.517514293714618,24.111311661718673,15.888688338281325,3.1653770603856025e-05,-8.602128814889179e-05,-1.5088787738927824e-05,0.0007742,25.482300997103128,25.482300997103128,25.482300997103128,,0.9920225599820616,2.045470066765121,66.7207027330671,25.482300997103128,0.997427374138451,2.2889403884173762,40.89954955423575,12.741150498551564,0.9919743452690517,2.1513378788706072,107.96772256238074,38.22345149565469,0.9883443705683663,2.18620200933219,141.09236143682526,50.964601994206255,nan,nan,nan,25.482300997103128,nan,nan,nan,38.22345149565469
SXS,SXS:BBH:0201,b,True,40.0,2.3161901825279023,27.937965617669022,12.062034382330978,6.50650124800908e-05,-3.8469835171343196e-05,3.3843990176565884e-05,0.0001938,30.228801504117385,30.228801504117385,30.228801504117385,,0.9897042270545866,1.1946511724968316,48.15615273361655,30.228801504117385,0.9404606402797958,2.0990059034806667,34.53801764268932,15.114400752058692,0.9854568703312029,0.9867249188997188,69.99163704573466,45.34320225617608,0.9789022493033145,0.8213477583653676,87.42883307639194,60.45760300823477,nan,nan,nan,30.228801504117385,nan,nan,nan,45.34320225617608
SXS,SXS:BBH:0200,b,True,40.0,3.2724988550944554,30.63779737417491,9.36220262582509,-5.019575256246035e-05,-1.0813045812830759e-05,-4.0978030548873306e-05,0.0003941,28.37339254901364,28.37339254901364,28.37339254901364,,0.8924664002857501,1.6738119189808303,62.704081398622904,28.37339254901364,0.9589200134684647,2.3033230323813303,41.04735458338201,14.18669627450682,0.766299686328289,1.9300613739449455,101.03617040274682,42.56008882352046,0.7053888295275224,1.7744600895756866,129.6012077396542,56.74678509802728,nan,nan,nan,28.37339254901364,nan,nan,nan,42.56008882352046
SXS,SXS:BBH:0259,b,True,40.0,2.499994580787424,28.571410876013168,11.42858912398683,2.3483264858198137e-07,3.3602973748960714e-07,2.6374614732370186e-07,9.2e-06,23.97545350295928,23.97545350295928,23.97545350295928,,0.9493940171179732,0.2536611977097468,33.1645645651079,23.97545350295928,0.9486879301878277,0.48154851130010673,19.035205771307098,11.98772675147964,0.886928324107903,0.28413497805829985,54.98572085106513,35.96318025443892,0.8329422595588309,0.07689502911254938,69.35543799585959,47.95090700591856,nan,nan,nan,23.97545350295928,nan,nan,nan,35.96318025443892
SXS,SXS:BBH:0310,b,True,40.0,1.2211821172263424,21.991571204458815,18.008428795541185,0.0001450841430230506,9.609630483247734e-05,0.00012302929312548981,0.0005577,32.375001891439794,32.375001891439794,32.375001891439794,,0.9871242381720206,1.2192840056616203,39.704946415420096,32.375001891439794,0.8912712549672512,2.318967129613312,31.699492942827792,16.187500945719897,0.9874264408952907,1.4242511288252377,64.65600352408572,48.56250283715969,0.9789262848580919,1.2554997442362328,81.23162036561003,64.75000378287959,nan,nan,nan,32.375001891439794,nan,nan,nan,48.56250283715969
SXS,SXS:BBH:0389,b,True,40.0,1.0000001316035008,20.000001316034922,19.999998683965078,-5.3252111656751476e-05,-5.290364426515503e-05,-5.3077877972418136e-05,8.46e-05,25.91270652398788,25.91270652398788,25.91270652398788,,0.9906500407091481,0.34872963767844384,46.58559586799332,25.91270652398788,0.26507277625015097,0.7320129234778354,28.296659123877284,12.95635326199394,0.2647724731202704,2.5288126248386606,47.05972850573221,38.86905978598182,0.9856237824198641,0.3950522353313482,93.90417986226754,51.82541304797576,nan,nan,nan,25.91270652398788,nan,nan,nan,38.86905978598182
SXS,SXS:BBH:0294,b,True,40.0,3.4999939525019856,31.11109916541997,8.888900834580033,1.9628336985252376e-07,3.2490800601250574e-07,2.248666607452742e-07,4.18e-05,23.578097268436537,23.578097268436537,23.578097268436537,,0.9956914655759838,0.12985592857519815,62.704081398622904,23.578097268436537,0.96017268649589,0.9256783987973177,41.04735458338201,11.789048634218268,0.9909428464206194,0.3131867701720823,101.03617040274682,35.367145902654805,0.9859039145432222,0.07762801843443698,129.6012077396542,47.15619453687307,nan,nan,nan,23.578097268436537,nan,nan,nan,35.367145902654805
SXS,SXS:BBH:0593,b,True,40.0,1.500007169712064,24.000045886025614,15.999954113974386,3.197929088465696e-05,9.796993084831233e-05,5.8375471168914224e-05,5.75e-05,26.863740959822557,26.863740959822557,26.863740959822557,,0.9893908872608981,0.3990742143941574,45.91636084845326,26.863740959822557,0.968488529846394,1.343297172886218,30.52628789819367,13.431870479911279,0.9875307471818168,0.9231370809287092,75.02243313597228,40.29561143973383,0.9720679142299355,0.6509844739718533,94.82452187453202,53.727481919645115,nan,nan,nan,26.863740959822557,nan,nan,nan,40.29561143973383
SXS,SXS:BBH:1142,b,True,40.0,1.2500676119857836,22.22275642432885,17.77724357567115,-0.00019241318679155312,-0.00022842716030195852,-0.00020841891627210925,8.21e-05,42.54671560090997,42.54671560090997,42.54671560090997,,0.9724740511201014,0.7758900551825458,27.38121718054407,42.54671560090997,0.9807969405895198,1.518983737106068,18.463659231604847,21.273357800454985,0.977725387820926,1.3640619057828116,44.70542163850622,63.82007340136495,0.9857298460208015,0.9577355371907179,55.45253869478482,85.09343120181994,nan,nan,nan,42.54671560090997,nan,nan,nan,63.82007340136495
SXS,SXS:BBH:1143,b,True,40.0,1.2500425843440042,22.222558684745103,17.777441315254897,-0.00013670018497582525,-2.5468450993930742e-05,-8.726479439439591e-05,8.76e-05,36.01041567112628,36.01041567112628,36.01041567112628,,0.9803507697274936,0.6932404550588481,31.4724372520927,36.01041567112628,0.9896113840221434,0.8389411175078656,19.619647190824065,18.00520783556314,0.9804663937892972,0.9655481995604007,50.807710782221115,54.01562350668942,0.9879324778522426,0.8998625225096347,66.52797479079526,72.02083134225256,nan,nan,nan,36.01041567112628,nan,nan,nan,54.01562350668942
SXS,SXS:BBH:1145,b,True,40.0,1.2499970033880035,22.222198545256397,17.777801454743607,3.558526078920771e-07,4.379771988064509e-06,2.1442636031570884e-06,0.0,51.79459702666125,nan,nan,RuntimeError('Internal function call failed: Input domain error'),nan,nan,nan,nan,nan,nan,nan,nan,nan,nan,nan,nan,nan,nan,nan,nan,nan,nan,nan,nan,nan,nan,nan,nan
SXS,SXS:BBH:1132,b,True,40.0,1.0000000298023228,20.000000298023224,19.999999701976776,-1.1349397619762191e-07,-1.1371062991019911e-07,-1.1360230305229632e-07,2.7e-05,13.797000802924995,13.797000802924995,13.797000802924995,,0.9947346028082215,0.04652579284916069,115.14735571889221,13.797000802924995,0.34312864145128436,2.0971595670091734,91.56042688890668,6.898500401462497,0.286861399856029,0.9005138498208597,153.06284474412,20.69550120438749,0.9040882869931383,0.44789741526398974,217.49579331293262,27.59400160584999,nan,nan,nan,13.797000802924995,nan,nan,nan,20.69550120438749
SXS,SXS:BBH:1153,b,True,40.0,1.0000000298023228,20.000000298023224,19.999999701976776,2.579869046747661e-05,2.611894018763154e-05,2.5958815325168028e-05,0.0007651,16.50143313473941,16.50143313473941,16.50143313473941,,0.993382927073485,0.24253943961267715,90.49315813390024,16.50143313473941,0.3559732560146106,1.030158687684359,56.21705938848211,8.250716567369706,0.26590331973557163,2.189997858746719,97.88298497817664,24.752149702109115,0.9821325097508197,0.22729031382613465,182.60564545410742,33.00286626947882,nan,nan,nan,16.50143313473941,nan,nan,nan,24.752149702109115
SXS,SXS:BBH:1154,b,True,40.0,1.0000000298023228,20.000000298023224,19.999999701976776,2.633718265333775e-05,2.6258864018053127e-05,2.629802333627896e-05,5.75e-05,16.49639011739095,16.49639011739095,16.49639011739095,,0.9945602524090364,0.2539841073302882,90.6649328170184,16.49639011739095,0.7594128749582644,1.6338570351775044,62.165221989326476,8.248195058695474,0.3092292436766063,3.454506892317277,84.52693496340466,24.744585176086424,0.9771690431955233,0.3071434993849652,182.9428706511516,32.9927802347819,nan,nan,nan,16.49639011739095,nan,nan,nan,24.744585176086424
SXS,SXS:BBH:1155,b,True,40.0,1.0,20.0,20.0,2.6049713985325382e-05,2.5990335635437754e-05,2.6020024810381568e-05,6.9e-06,16.395240566032495,16.395240566032495,16.395240566032495,,0.9941056168855454,0.11595910448628462,90.67342010169362,16.395240566032495,0.29432228204861693,1.1784396511517765,59.08088572218909,8.197620283016247,0.3184934704850721,3.3714257033640815,86.55591042894079,24.59286084904874,0.9827255071781732,0.17037134609658272,182.96107026947965,32.79048113206499,nan,nan,nan,16.395240566032495,nan,nan,nan,24.59286084904874
SXS,SXS:BBH:1164,b,True,40.0,2.0000918078989804,26.66707468928668,13.33292531071332,-6.52287010692733e-05,1.0286694040300789e-05,-4.005767299914937e-05,0.0012966,17.436748781895798,17.436748781895798,17.436748781895798,,0.9934557715293264,0.2116837351311364,88.99840179653202,17.436748781895798,0.9903802912142866,0.9606586199940808,55.48299272006041,8.718374390947899,0.9874601337626115,0.268495917567795,137.89248402089717,26.155123172843695,0.9695622839663699,0.18220674632586722,180.2264043036667,34.873497563791595,nan,nan,nan,17.436748781895798,nan,nan,nan,26.155123172843695
SXS,SXS:BBH:1165,b,True,40.0,2.0001169054085195,26.667186226013655,13.332813773986345,-8.033255157249918e-05,1.880943868437943e-05,-4.72865092405659e-05,0.0014376,17.430016528977422,17.430016528977422,17.430016528977422,,0.9934773423093335,0.13874550326251353,88.96451737978502,17.430016528977422,0.8885515319687599,0.44840993636904636,49.535158727132085,8.715008264488711,0.9871965691223451,0.3402667083706661,139.557768924166,26.145024793466135,0.9665608427698738,0.1395870688489169,177.95340792764932,34.860033057954844,nan,nan,nan,17.430016528977422,nan,nan,nan,26.145024793466135
SXS,SXS:BBH:1177,b,True,40.0,2.999981650818259,29.999954126835213,10.000045873164787,-1.355928478618105e-05,9.524661455866817e-06,-7.788271752327337e-06,0.0026855,34.51360595470608,34.51360595470608,34.51360595470608,,0.9832813790113436,0.8830693997045055,38.39641938979683,34.51360595470608,0.995392853537755,1.518509087185188,26.374028442113016,17.25680297735304,0.9871462063063521,1.2430875018417604,63.57861752737959,51.77040893205912,0.9906508132367204,0.8256010527177106,77.13548631647106,69.02721190941216,nan,nan,nan,34.51360595470608,nan,nan,nan,51.77040893205912
SXS,SXS:BBH:1166,b,True,40.0,2.0000206282688837,26.6667583472313,13.333241652768697,4.074477068817072e-05,-3.9879274477520845e-06,2.5833973837505354e-05,0.0003799,17.201211507019753,17.201211507019753,17.201211507019753,,0.9936479071083479,0.015053450187203892,89.21374104712967,17.201211507019753,0.9551961866280336,0.12089625438444426,48.941698800678815,8.600605753509877,0.9873786420113179,0.22346737011974524,138.94158769551132,25.80181726052963,0.9665945642873135,0.06480371989739066,179.8549942585261,34.402423014039506,nan,nan,nan,17.201211507019753,nan,nan,nan,25.80181726052963
SXS,SXS:BBH:1178,b,True,40.0,2.9999720509624472,29.999930126917896,10.000069873082102,-1.482568707717555e-05,1.601818127917657e-05,-7.11466610918387e-06,0.0001395,34.32833712418851,34.32833712418851,34.32833712418851,,0.9853682008084838,0.9075692329436323,38.57141437809932,34.32833712418851,0.9944167891854824,1.5322479217795542,26.450297267601396,17.164168562094254,0.9890799073217853,1.144927189056231,62.36402362425382,51.49250568628276,0.9866677665589658,0.8323052384735161,78.38304925128057,68.65667424837702,nan,nan,nan,34.32833712418851,nan,nan,nan,51.49250568628276
SXS,SXS:BBH:1179,b,True,40.0,2.999977556041207,29.999943889788184,10.000056110211816,-7.787260663405504e-06,1.8578001656675316e-05,-1.1959080993739654e-06,3.69e-05,32.08654598678058,32.08654598678058,32.08654598678058,,0.9893607676438941,0.2568560429413525,38.57702527892517,32.08654598678058,0.9956603943903848,0.818812742429914,26.446451143792178,16.04327299339029,0.9892781195622836,0.6403361990542192,62.354737909862166,48.12981898017087,0.9865160511012516,0.12045215229687142,76.46589365387455,64.17309197356116,nan,nan,nan,32.08654598678058,nan,nan,nan,48.12981898017087
SXS,SXS:BBH:1167,b,True,40.0,2.0001080187362943,26.667146732653713,13.332853267346287,-6.925289029829183e-05,4.732735217205511e-06,-4.459190307601789e-05,0.0003617,17.398008306664032,17.398008306664032,17.398008306664032,,0.9934248818762546,0.16500884458484652,89.34641311290204,17.398008306664032,0.9898079137693915,1.02710287129605,56.18437553820438,8.699004153332016,0.9874713700287798,0.3802086074129071,139.43766291218088,26.097012459996048,0.9685973074336164,0.19458993328635082,180.59295473486753,34.796016613328064,nan,nan,nan,17.398008306664032,nan,nan,nan,26.097012459996048
SXS,SXS:BBH:1221,b,True,40.0,2.9993129596407537,29.99828210403592,10.001717895964081,-9.636908326546058e-06,-0.00011836361257165579,-3.6823253916983755e-05,4.9e-06,24.06126144652846,24.06126144652846,24.06126144652846,,0.9920972517192441,0.26721992712429016,61.62068923345234,24.06126144652846,0.7156224380602644,1.6441517764648643,43.341340065453224,12.03063072326423,0.9885236941975242,0.21358195070354766,92.1318016180305,36.091892169792686,0.9840843439432494,0.044305972414589494,116.1807497563488,48.12252289305692,nan,nan,nan,24.06126144652846,nan,nan,nan,36.091892169792686
SXS,SXS:BBH:1906,b,True,40.0,3.9995932345156837,31.999349122274175,8.000650877725825,0.00012117269664728018,-6.760734835639839e-05,8.341361582838514e-05,0.0001577,30.330430202676396,30.330430202676396,30.330430202676396,,0.9890576087590661,0.522753694550254,47.99295818559549,30.330430202676396,0.9781106401495792,0.5893415257877557,28.69113102831496,15.165215101338198,0.9889019695455605,0.8337491216563172,77.25082031410355,45.495645304014595,0.9902923888096604,0.8414021695773628,102.76107632348254,60.66086040535279,nan,nan,nan,30.330430202676396,nan,nan,nan,45.495645304014595
SXS,SXS:BBH:1354,b,True,40.0,1.8320344211547133,25.875877884390018,14.124122115609982,-0.00015298347801781927,0.0001283492170988987,-5.364404449426436e-05,5.31e-05,27.50927436989934,27.50927436989934,27.50927436989934,,0.9908042358517403,0.941181616504964,49.39977547417542,27.50927436989934,0.8694787730254198,2.197668066962336,36.91000147738734,13.75463718494967,0.9876201831678663,1.2360739490367842,79.67406128472341,41.26391155484901,0.9751446461168961,0.9881360025681908,99.67566597414695,55.01854873979868,nan,nan,nan,27.50927436989934,nan,nan,nan,41.26391155484901
SXS,SXS:BBH:1222,b,True,40.0,1.9997081848720635,26.665369584373092,13.334630415626908,3.459239043213369e-05,-0.00010587018674304417,-1.2233023414303024e-05,6.11e-05,21.555481977742396,21.555481977742396,21.555481977742396,,0.9906614683558219,0.3653667324262703,65.82788642880503,21.555481977742396,0.6710173129434365,1.6821663147305561,46.43064955713126,10.777740988871198,0.97947097606967,0.15674803590092534,97.43062366449058,32.33322296661359,0.970340121999472,0.09161868503238717,122.21787196000116,43.11096395548479,nan,nan,nan,21.555481977742396,nan,nan,nan,32.33322296661359
SXS,SXS:BBH:2294,b,False,40.0,1.0,20.0,20.0,1.11831272647e-06,1.10356359137e-06,1.1109381589199997e-06,0.0036787,20.466713077535914,20.466713077535914,20.466713077535914,,0.9963235492910243,0.05487521610358554,51.02477230347289,20.466713077535914,0.1697893406319815,0.9577133112043862,25.58233793818262,10.233356538767957,0.38369018870537835,2.1048331363829496,59.138588164227244,30.70006961630387,0.9775552327984034,0.02652200602422666,104.88859764657123,40.93342615507183,nan,nan,nan,20.466713077535914,nan,nan,nan,30.70006961630387
SXS,SXS:BBH:2325,b,False,40.0,1.0000001685874083,20.00000168587394,19.99999831412606,3.647679470940734e-05,3.6049940255548795e-05,3.6263367500468636e-05,7.96e-05,20.147154978865824,20.147154978865824,20.147154978865824,,0.9926925068377909,0.12205539028316247,65.26787538706164,20.147154978865824,0.7653352715096303,1.3221720768022918,43.06142526208487,10.073577489432912,0.3221023605513068,1.051693416010788,82.23527780795781,30.220732468298735,0.9781424156191492,0.2937619502098364,134.27798827797028,40.29430995773165,nan,nan,nan,20.147154978865824,nan,nan,nan,30.220732468298735
SXS,SXS:BBH:2326,b,False,40.0,1.0000002365486287,20.000002365486008,19.999997634513996,1.994115827731448e-05,1.966130852770252e-05,1.9801233419058017e-05,0.0001668,18.906354215059853,18.906354215059853,18.906354215059853,,0.99393175166889,0.32164215036553206,73.7766984039782,18.906354215059853,0.5228766387926743,1.7437106447954358,51.21250225098658,9.453177107529926,0.31656090082331756,0.7205588445733851,95.09451346739117,28.35953132258978,0.9750524485230264,0.26156490634749063,148.16814316229718,37.812708430119706,nan,nan,nan,18.906354215059853,nan,nan,nan,28.35953132258978
SXS,SXS:BBH:2376,b,False,40.0,1.0000001548574218,20.000001548574097,19.999998451425903,3.648425442519096e-05,3.604132480853244e-05,3.626278963400944e-05,0.0001028,20.314745622648307,20.314745622648307,20.314745622648307,,0.9936571380104138,0.21739416921245802,65.25788068676802,20.314745622648307,0.7327437840559108,1.578026061620883,44.06760840935274,10.157372811324153,0.3229914637388319,0.9790267161802928,82.19294648270287,30.47211843397246,0.9751584087980325,0.33978457096380194,134.26059749756618,40.62949124529661,nan,nan,nan,20.314745622648307,nan,nan,nan,30.47211843397246
SXS,SXS:BBH:2375,b,False,40.0,1.0000001460009766,20.00000146000966,19.99999853999034,3.647009256652353e-05,3.603975774799234e-05,3.6254925172965265e-05,0.0001011,20.146659610463956,20.146659610463956,20.146659610463956,,0.9939928785903459,0.12118976180847751,65.25870664764902,20.146659610463956,0.7096676779022033,1.3189009111340666,43.03305036558329,10.073329805231978,0.32546510010765456,1.057419027990769,82.17113495672984,30.219989415695935,0.9731331124170761,0.292604124206447,134.25203577991334,40.29331922092791,nan,nan,nan,20.146659610463956,nan,nan,nan,30.219989415695935
SXS,SXS:BBH:2331,b,False,40.0,1.4999898222503378,23.999934862136982,16.00006513786302,-7.573095671502318e-05,-7.2536833715018395e-06,-4.833993586603337e-05,5.41e-05,20.8434301122768,20.8434301122768,20.8434301122768,,0.9920302268260303,0.40378334630347223,66.2580125729462,20.8434301122768,0.9629536072289259,0.866245349538414,39.43708110383623,10.4217150561384,0.9861519584387731,0.7055220252978772,105.89011724559067,31.2651451684152,0.9662229636204432,0.37163676468133233,132.85827863058248,41.6868602245536,nan,nan,nan,20.8434301122768,nan,nan,nan,31.2651451684152
SXS,SXS:BBH:2265,b,False,40.0,3.000112224984312,30.000280554589473,9.999719445410529,8.310310779581836e-06,7.14361976879799e-06,8.018646209898815e-06,7.17e-05,14.402884425386059,14.402884425386059,14.402884425386059,,0.9920984144282607,0.11139396613833707,138.4546486680569,14.402884425386059,0.8806704557806032,0.5207011781223786,76.32523780582272,7.2014422126930295,0.979985385436084,0.2652942664209194,214.0372730659193,21.604326638079087,0.9595114009025183,0.03556918942966344,274.55425502003965,28.805768850772118,nan,nan,nan,14.402884425386059,nan,nan,nan,21.604326638079087
SXS,SXS:BBH:2377,b,False,40.0,1.0000001210576133,20.00000121057606,19.99999878942394,3.619141940142469e-05,3.6558082276010465e-05,3.637475082762075e-05,0.0001534,20.14933492481686,20.14933492481686,20.14933492481686,,0.9937270476798299,0.12075069553720509,65.25405704099167,20.14933492481686,0.3355833314012977,1.2860428345498882,44.007447647487105,10.07466746240843,0.29031846503570535,0.93822396919725,83.52743438353808,30.22400238722529,0.9804030143813727,0.29240547556879737,134.24758410838493,40.29866984963372,nan,nan,nan,20.14933492481686,nan,nan,nan,30.22400238722529
SXS,SXS:BBH:2378,b,False,40.0,1.000000107453807,20.000001074538012,19.999998925461988,3.6193938964620815e-05,3.661393051896185e-05,3.6403934730508914e-05,0.0001079,20.517501255712247,20.517501255712247,20.517501255712247,,0.992790964111478,0.312952314599304,65.24996420227995,20.517501255712247,0.3163536578761509,1.3241604378311944,43.078691087947,10.258750627856124,0.2846376329719984,0.7914245148356277,83.48438058547819,30.77625188356837,0.9653043794037269,0.4339473069110191,134.27358629643473,41.035002511424494,nan,nan,nan,20.517501255712247,nan,nan,nan,30.77625188356837
SXS,SXS:BBH:2425,b,False,40.0,1.9999225372627354,26.666322378944557,13.333677621055443,-7.636225907796268e-05,-0.00011470053511221983,-8.914201440765821e-05,0.000249,31.31491013140902,31.31491013140902,31.31491013140902,,0.9833795794998883,0.663963778115095,39.13557858750185,31.31491013140902,0.9715222527714895,1.7600592096380188,29.17161463229774,15.65745506570451,0.9785396023517636,0.9559366256851205,63.6899132879442,46.97236519711353,0.9759821006573478,0.6170428898596556,78.73189975707619,62.62982026281804,nan,nan,nan,31.31491013140902,nan,nan,nan,46.97236519711353
SXS,SXS:BBH:2485,b,False,40.0,3.9990197985742992,31.998431370204248,8.001568629795754,-2.2514243664691422e-05,-8.676519097488299e-05,-3.5366952775488646e-05,0.0009793,27.19197037379822,27.19197037379822,27.19197037379822,,0.9920665424713218,0.591071181622596,58.50353909549066,27.19197037379822,0.9689141410830959,1.424026175590566,38.79180617691497,13.59598518689911,0.9894895189997613,0.8718011554889374,92.88840165178895,40.78795556069733,0.987670862161265,0.7554016762179558,121.62213153615403,54.38394074759644,nan,nan,nan,27.19197037379822,nan,nan,nan,40.78795556069733
SXS,SXS:BBH:2496,b,False,40.0,1.0,20.0,20.0,1.1791940292143702e-06,1.1760115801617648e-06,1.1776028046880675e-06,0.0001615,23.721668259782547,23.721668259782547,23.721668259782547,,0.9944485037753777,0.003050458947276417,51.02477230347289,23.721668259782547,0.1723649107699319,0.5937932170720018,25.58233793818262,11.860834129891273,0.3852614741453734,1.685197311794051,59.138588164227244,35.58250238967382,0.9840004178430302,0.23294028280174228,104.88859764657123,47.443336519565094,nan,nan,nan,23.721668259782547,nan,nan,nan,35.58250238967382
SXS,SXS:BBH:2483,b,False,40.0,3.49994250465175,31.110997538601755,8.889002461398247,3.744252901196825e-05,8.936203757351574e-05,4.898034499692282e-05,0.0002336,25.375262885073564,25.375262885073564,25.375262885073564,,0.990712874547441,0.6717742258941478,62.704081398622904,25.375262885073564,0.959913654340104,1.5379649026124345,41.04735458338201,12.687631442536782,0.9896168649853483,0.9972491025375242,101.03617040274682,38.062894327610344,0.9859516133589551,0.7563608468909367,129.6012077396542,50.75052577014713,nan,nan,nan,25.375262885073564,nan,nan,nan,38.062894327610344
SXS,SXS:BBH:2497,b,False,40.0,2.0000079260296615,26.666701893372093,13.333298106627907,7.054507489548644e-07,6.460196056183684e-06,2.6236941166798606e-06,0.0002263,24.854784931521795,24.854784931521795,24.854784931521795,,0.9926526825827177,0.08800912094320869,49.696097543730566,24.854784931521795,0.9845846369209391,1.0944031252843098,35.11659721311571,12.427392465760898,0.9859623781240341,0.42448533545555306,80.434038321269,37.282177397282695,0.979411157088236,0.08536291213379449,102.39107795867206,49.70956986304359,nan,nan,nan,24.854784931521795,nan,nan,nan,37.282177397282695
SXS,SXS:BBH:2498,b,False,40.0,3.0000172332486112,30.00004308293591,9.999956917064086,1.1121752788353618e-05,3.659965184781622e-06,9.256313924353546e-06,0.0001642,31.137687411837845,31.137687411837845,31.137687411837845,,0.9924377795356707,1.188557478744773,48.098553070418745,31.137687411837845,0.9948764251352451,1.763288769049014,31.97269248222686,15.568843705918923,0.9908449274344207,1.5584376363709063,78.46089547045496,46.70653111775677,0.9875400768750092,1.412022421482738,101.90002898993139,62.27537482367569,nan,nan,nan,31.137687411837845,nan,nan,nan,46.70653111775677
SXS,SXS:BBH:3632,b,False,40.0,1.0000002096779461,20.00000209677924,19.99999790322076,0.00011361350727002077,0.00011353301182773394,0.00011357325955309689,0.000278,38.73178039186006,38.73178039186006,38.73178039186006,,0.9773115377296596,0.5088135329601464,28.291011450981987,38.73178039186006,0.3254052087201874,0.6157817713443602,13.661143550181775,19.36589019593003,0.21883602096442697,3.046616167043074,26.938130782479885,58.09767058779009,0.9812854120745148,0.7701806531864449,59.264531136698174,77.46356078372013,nan,nan,nan,38.73178039186006,nan,nan,nan,58.09767058779009
SXS,SXS:BBH:2598,b,False,40.0,1.0000000557550415,20.000000557550397,19.9999994424496,1.083592200177439e-06,1.0823136044971795e-06,1.0829529023551311e-06,0.004029,20.213776172134697,20.213776172134697,20.213776172134697,,0.9952113108036439,0.05228116997411802,63.471862902217254,20.213776172134697,0.3013971029628077,0.09821942724340994,35.55581227451411,10.106888086067348,0.6629342621449749,1.2848719546362808,79.70153615678537,30.320664258202044,0.9714761189105917,0.08303295640681639,129.7141866552273,40.427552344269394,nan,nan,nan,20.213776172134697,nan,nan,nan,30.320664258202044
SXS,SXS:BBH:3631,b,False,40.0,3.999674668927655,31.999479436413147,8.000520563586853,5.087564226443693e-05,3.323760432983658e-05,4.734780513450955e-05,0.0002058,34.213384519161494,34.213384519161494,34.213384519161494,,0.9885846623144557,0.33941140377216694,38.055732727113565,34.213384519161494,0.9916980570770331,0.7022462209267839,24.76824681682066,17.106692259580747,0.9858546199368711,0.6065024051009307,61.983095281438956,51.32007677874224,0.9862881932400871,0.5251784914483486,79.65821196511735,68.42676903832299,nan,nan,nan,34.213384519161494,nan,nan,nan,51.32007677874224
SXS,SXS:BBH:3617,b,False,40.0,1.000000098843126,20.00000098843121,19.99999901156879,3.6169268395502375e-05,3.58394724241269e-05,3.6004370417964154e-05,0.0002366,19.822674084348062,19.822674084348062,19.822674084348062,,0.9934283409929261,0.17149860933453176,67.85201054564361,19.822674084348062,0.5785569809481544,0.8941269236681435,43.13886393900324,9.911337042174031,0.3147640121437063,0.9608153513943363,85.86903490608378,29.73401112652209,0.9681034490744149,0.33330210381014175,139.3944103101086,39.645348168696124,nan,nan,nan,19.822674084348062,nan,nan,nan,29.73401112652209
SXS,SXS:BBH:3709,b,False,40.0,1.0000000210734246,20.000000210734243,19.999999789265757,-4.5102820328400905e-06,-4.392522856296189e-06,-4.4514024451885365e-06,0.0,59.47388620225612,nan,nan,RuntimeError('Internal function call failed: Input domain error'),nan,nan,nan,nan,nan,nan,nan,nan,nan,nan,nan,nan,nan,nan,nan,nan,nan,nan,nan,nan,nan,nan,nan,nan
SXS,SXS:BBH:3633,b,False,40.0,1.0,20.0,20.0,0.00011440156525382792,0.00011422595265329513,0.00011431375895356152,0.0002762,38.67659800734388,38.67659800734388,38.67659800734388,,0.9759458142352443,0.50902544447672,28.2920497303654,38.67659800734388,0.37469142673881983,0.9125777587182523,18.718732286382625,19.33829900367194,0.22233156902599518,4.603840397613104,23.08503893552343,58.01489701101582,0.9824743666233045,0.9541743255856234,61.31074548388553,77.35319601468775,nan,nan,nan,38.67659800734388,nan,nan,nan,58.01489701101582
SXS,SXS:BBH:3624,b,False,40.0,1.0000000788495367,20.000000788495335,19.999999211504665,1.2387870781978394e-05,1.263450919022523e-05,1.2511189981239981e-05,0.0001465,19.949229061403233,19.949229061403233,19.949229061403233,,0.9956039539995997,0.030593023756288446,65.31803553694527,19.949229061403233,0.3219219629383096,0.6322953344864707,37.80436382170339,9.974614530701617,0.2136276279113541,1.1331489314899414,83.02648455257093,29.923843592104852,0.9807914756872518,0.17945238870637417,133.822056247124,39.89845812280647,nan,nan,nan,19.949229061403233,nan,nan,nan,29.923843592104852
SXS,SXS:BBH:3634,b,False,40.0,1.0000001576990794,20.00000157699067,19.99999842300933,2.605303941364185e-06,-2.3037961107600435e-06,1.5075410884219514e-07,0.0003232,37.821680148988776,37.821680148988776,37.821680148988776,,0.9779753336646235,0.3467127842690884,28.57690364760181,37.821680148988776,0.3679865547829523,0.2684610195568877,16.71414350974481,18.910840074494388,0.5093363388518238,1.414976841883708,32.64771609386858,56.732520223483164,0.9883238704598718,0.5235139974865617,57.81733077720828,75.64336029797755,nan,nan,nan,37.821680148988776,nan,nan,nan,56.732520223483164
SXS,SXS:BBH:3864,b,False,40.0,1.0,20.0,20.0,-1.077051519338415e-05,-1.0505064982534268e-05,-1.0637790087959209e-05,0.0007959,26.72452919913172,26.72452919913172,26.72452919913172,,0.9912916003886835,0.4319062681327282,46.17400168506282,26.72452919913172,0.49260751858599494,1.7854724865770533,18.68916134837114,13.36226459956586,0.33164780642765096,12.853572275946895,20.684835068472605,40.08679379869758,0.9865825336882144,0.7680572334631258,95.69815220037604,53.44905839826344,nan,nan,nan,26.72452919913172,nan,nan,nan,40.08679379869758
